Workbook
Name HolidayEnd: Holidays!$D$5:$D$34
Name HolidayName: Holidays!$B$5:$B$34
Name HolidayStart: Holidays!$C$5:$C$34

Sheet Dashboard
L1: =IF(ISNUMBER($C$31),$C$31,MONTH(TODAY())) -> 10
B2: TEKNOSYS · TELECOM DW | Release Tracker Dashboard | L2: =IF(ISNUMBER($E$31),$E$31,YEAR(TODAY())) -> 2026
B3: ="Live from the Release Calendar sheet · nothing to fill in here · as of "&TEXT(TODAY(),"dd mmm yyyy") -> Live from the Release Calendar sheet · nothing to fill in here · as of 14 Oct 2026 | L3: =DATE($L$2,$L$1,1) -> 46296
L4: =EOMONTH($L$3,0) -> 46326
B5: OVERALL
B6: TOTAL RELEASES | D6: OPEN | G6: COMPLETED | I6: DUE SOON (≤ 3 DAYS)
B7: =COUNTA('Release Calendar'!B5:B504) -> 37 | D7: =SUMPRODUCT(('Release Calendar'!B5:B504<>"")*('Release Calendar'!M5:M504<>"Completed")) -> 6 | G7: =COUNTIF('Release Calendar'!M5:M504,"Completed") -> 31 | I7: =SUMPRODUCT(('Release Calendar'!B5:B504<>"")*('Release Calendar'!J5:J504<>"")*('Release Calendar'!J5:J504>=TODAY())*('Release Calendar'!J5:J504<=TODAY()+3)*('Release Calendar'!M5:M504<>"Completed")) -> 0
B9: Completion rate | C9: =IF($B$7=0,"",REPT("█",ROUND($G$7/$B$7*48,0))&REPT("░",48-ROUND($G$7/$B$7*48,0))) -> ████████████████████████████████████████░░░░░░░░ | J9: =IF($B$7=0,0,$G$7/$B$7) -> 0.83783784
B11: BY PLATFORM | G11: BY DEPLOYMENT TYPE
B12: DPI | C12: =COUNTIF('Release Calendar'!G5:G504,"DPI") -> 0 | D12: =IF($B$7=0,"",REPT("█",ROUND(C12/$B$7*14,0))) | E12: =IF($B$7=0,0,C12/$B$7) -> 0 | G12: Scheduled | H12: =COUNTIF('Release Calendar'!H5:H504,"Scheduled") -> 32 | I12: =IF($B$7=0,"",REPT("█",ROUND(H12/$B$7*14,0))) -> ████████████ | J12: =IF($B$7=0,0,H12/$B$7) -> 0.86486486
B13: APIs | C13: =COUNTIF('Release Calendar'!G5:G504,"APIs") -> 2 | D13: =IF($B$7=0,"",REPT("█",ROUND(C13/$B$7*14,0))) -> █ | E13: =IF($B$7=0,0,C13/$B$7) -> 0.054054054 | G13: Emergency | H13: =COUNTIF('Release Calendar'!H5:H504,"Emergency") -> 1 | I13: =IF($B$7=0,"",REPT("█",ROUND(H13/$B$7*14,0))) | J13: =IF($B$7=0,0,H13/$B$7) -> 0.027027027
B14: GSM | C14: =COUNTIF('Release Calendar'!G5:G504,"GSM") -> 25 | D14: =IF($B$7=0,"",REPT("█",ROUND(C14/$B$7*14,0))) -> █████████ | E14: =IF($B$7=0,0,C14/$B$7) -> 0.67567568 | G14: Hotfix | H14: =COUNTIF('Release Calendar'!H5:H504,"Hotfix") -> 4 | I14: =IF($B$7=0,"",REPT("█",ROUND(H14/$B$7*14,0))) -> ██ | J14: =IF($B$7=0,0,H14/$B$7) -> 0.10810811
B15: DFS | C15: =COUNTIF('Release Calendar'!G5:G504,"DFS") -> 9 | D15: =IF($B$7=0,"",REPT("█",ROUND(C15/$B$7*14,0))) -> ███ | E15: =IF($B$7=0,0,C15/$B$7) -> 0.24324324
B16: BI | C16: =COUNTIF('Release Calendar'!G5:G504,"BI") -> 0 | D16: =IF($B$7=0,"",REPT("█",ROUND(C16/$B$7*14,0))) | E16: =IF($B$7=0,0,C16/$B$7) -> 0
B18: BY STATUS | G18: BY STAGE
B19: On Track | C19: =COUNTIF('Release Calendar'!M5:M504,"On Track") -> 0 | D19: =IF($B$7=0,"",REPT("█",ROUND(C19/$B$7*14,0))) | E19: =IF($B$7=0,0,C19/$B$7) -> 0 | G19: Development | H19: =COUNTIF('Release Calendar'!K5:K504,"Development") -> 0 | I19: =IF($B$7=0,"",REPT("█",ROUND(H19/$B$7*14,0))) | J19: =IF($B$7=0,0,H19/$B$7) -> 0
B20: At Risk | C20: =COUNTIF('Release Calendar'!M5:M504,"At Risk") -> 0 | D20: =IF($B$7=0,"",REPT("█",ROUND(C20/$B$7*14,0))) | E20: =IF($B$7=0,0,C20/$B$7) -> 0 | G20: SIT | H20: =COUNTIF('Release Calendar'!K5:K504,"SIT") -> 0 | I20: =IF($B$7=0,"",REPT("█",ROUND(H20/$B$7*14,0))) | J20: =IF($B$7=0,0,H20/$B$7) -> 0
B21: Delayed | C21: =COUNTIF('Release Calendar'!M5:M504,"Delayed") -> 0 | D21: =IF($B$7=0,"",REPT("█",ROUND(C21/$B$7*14,0))) | E21: =IF($B$7=0,0,C21/$B$7) -> 0 | G21: UAT | H21: =COUNTIF('Release Calendar'!K5:K504,"UAT") -> 1 | I21: =IF($B$7=0,"",REPT("█",ROUND(H21/$B$7*14,0))) | J21: =IF($B$7=0,0,H21/$B$7) -> 0.027027027
B22: Completed | C22: =COUNTIF('Release Calendar'!M5:M504,"Completed") -> 31 | D22: =IF($B$7=0,"",REPT("█",ROUND(C22/$B$7*14,0))) -> ████████████ | E22: =IF($B$7=0,0,C22/$B$7) -> 0.83783784 | G22: CAB / RFC | H22: =COUNTIF('Release Calendar'!K5:K504,"CAB / RFC") -> 0 | I22: =IF($B$7=0,"",REPT("█",ROUND(H22/$B$7*14,0))) | J22: =IF($B$7=0,0,H22/$B$7) -> 0
B23: On Hold | C23: =COUNTIF('Release Calendar'!M5:M504,"On Hold") -> 2 | D23: =IF($B$7=0,"",REPT("█",ROUND(C23/$B$7*14,0))) -> █ | E23: =IF($B$7=0,0,C23/$B$7) -> 0.054054054 | G23: Code Freeze | H23: =COUNTIF('Release Calendar'!K5:K504,"Code Freeze") -> 0 | I23: =IF($B$7=0,"",REPT("█",ROUND(H23/$B$7*14,0))) | J23: =IF($B$7=0,0,H23/$B$7) -> 0
G24: Pre-Prod | H24: =COUNTIF('Release Calendar'!K5:K504,"Pre-Prod") -> 5 | I24: =IF($B$7=0,"",REPT("█",ROUND(H24/$B$7*14,0))) -> ██ | J24: =IF($B$7=0,0,H24/$B$7) -> 0.13513514
B25: HOLIDAYS | G25: Production | H25: =COUNTIF('Release Calendar'!K5:K504,"Production") -> 28 | I25: =IF($B$7=0,"",REPT("█",ROUND(H25/$B$7*14,0))) -> ███████████ | J25: =IF($B$7=0,0,H25/$B$7) -> 0.75675676
B26: Holiday conflicts | C26: =SUMPRODUCT(('Release Calendar'!Q5:Q504<>"")*(LEFT('Release Calendar'!Q5:Q504,9)="Conflict:")) -> 0 | G26: Completed | H26: =COUNTIF('Release Calendar'!K5:K504,"Completed") -> 3 | I26: =IF($B$7=0,"",REPT("█",ROUND(H26/$B$7*14,0))) -> █ | J26: =IF($B$7=0,0,H26/$B$7) -> 0.081081081
B27: Holidays defined | C27: =COUNTA(Holidays!C5:C34) -> 21 | G27: On Hold | H27: =COUNTIF('Release Calendar'!K5:K504,"On Hold") -> 0 | I27: =IF($B$7=0,"",REPT("█",ROUND(H27/$B$7*14,0))) | J27: =IF($B$7=0,0,H27/$B$7) -> 0
B29: =UPPER(TEXT($L$3,"mmmm yyyy"))&" — MONTHLY VIEW" -> OCTOBER 2026 — MONTHLY VIEW
B30: Releases whose Target Deploy falls in the selected month · change Month / Year below (defaults to the current month)
B31: Month: | C31: =MONTH(TODAY()) -> 10 | D31: Year: | E31: =YEAR(TODAY()) -> 2026 | G31: =TEXT($L$3,"mmmm yyyy") -> October 2026
B32: TOTAL RELEASES | D32: OPEN | G32: COMPLETED | I32: DUE SOON (≤ 3 DAYS)
B33: =SUMPRODUCT(('Release Calendar'!J5:J504<>"")*('Release Calendar'!J5:J504>=$L$3)*('Release Calendar'!J5:J504<=$L$4)) -> 4 | D33: =SUMPRODUCT(('Release Calendar'!J5:J504<>"")*('Release Calendar'!J5:J504>=$L$3)*('Release Calendar'!J5:J504<=$L$4)*('Release Calendar'!B5:B504<>"")*('Release Calendar'!M5:M504<>"Completed")) -> 3 | G33: =SUMPRODUCT(('Release Calendar'!J5:J504<>"")*('Release Calendar'!J5:J504>=$L$3)*('Release Calendar'!J5:J504<=$L$4)*('Release Calendar'!M5:M504="Completed")) -> 1 | I33: =SUMPRODUCT(('Release Calendar'!J5:J504<>"")*('Release Calendar'!J5:J504>=$L$3)*('Release Calendar'!J5:J504<=$L$4)*('Release Calendar'!J5:J504>=TODAY())*('Release Calendar'!J5:J504<=TODAY()+3)*('Release Calendar'!M5:M504<>"Completed")) -> 0
B35: Completion rate | C35: =IF($B$33=0,"",REPT("█",ROUND($G$33/$B$33*48,0))&REPT("░",48-ROUND($G$33/$B$33*48,0))) -> ████████████░░░░░░░░░░░░░░░░░░░░░░░░░░░░░░░░░░░░ | J35: =IF($B$33=0,0,$G$33/$B$33) -> 0.25
B37: BY PLATFORM | G37: BY DEPLOYMENT TYPE
B38: DPI | C38: =SUMPRODUCT(('Release Calendar'!J5:J504<>"")*('Release Calendar'!J5:J504>=$L$3)*('Release Calendar'!J5:J504<=$L$4)*('Release Calendar'!G5:G504="DPI")) -> 0 | D38: =IF($B$33=0,"",REPT("█",ROUND(C38/$B$33*14,0))) | E38: =IF($B$33=0,0,C38/$B$33) -> 0 | G38: Scheduled | H38: =SUMPRODUCT(('Release Calendar'!J5:J504<>"")*('Release Calendar'!J5:J504>=$L$3)*('Release Calendar'!J5:J504<=$L$4)*('Release Calendar'!H5:H504="Scheduled")) -> 3 | I38: =IF($B$33=0,"",REPT("█",ROUND(H38/$B$33*14,0))) -> ███████████ | J38: =IF($B$33=0,0,H38/$B$33) -> 0.75
B39: APIs | C39: =SUMPRODUCT(('Release Calendar'!J5:J504<>"")*('Release Calendar'!J5:J504>=$L$3)*('Release Calendar'!J5:J504<=$L$4)*('Release Calendar'!G5:G504="APIs")) -> 0 | D39: =IF($B$33=0,"",REPT("█",ROUND(C39/$B$33*14,0))) | E39: =IF($B$33=0,0,C39/$B$33) -> 0 | G39: Emergency | H39: =SUMPRODUCT(('Release Calendar'!J5:J504<>"")*('Release Calendar'!J5:J504>=$L$3)*('Release Calendar'!J5:J504<=$L$4)*('Release Calendar'!H5:H504="Emergency")) -> 0 | I39: =IF($B$33=0,"",REPT("█",ROUND(H39/$B$33*14,0))) | J39: =IF($B$33=0,0,H39/$B$33) -> 0
B40: GSM | C40: =SUMPRODUCT(('Release Calendar'!J5:J504<>"")*('Release Calendar'!J5:J504>=$L$3)*('Release Calendar'!J5:J504<=$L$4)*('Release Calendar'!G5:G504="GSM")) -> 2 | D40: =IF($B$33=0,"",REPT("█",ROUND(C40/$B$33*14,0))) -> ███████ | E40: =IF($B$33=0,0,C40/$B$33) -> 0.5 | G40: Hotfix | H40: =SUMPRODUCT(('Release Calendar'!J5:J504<>"")*('Release Calendar'!J5:J504>=$L$3)*('Release Calendar'!J5:J504<=$L$4)*('Release Calendar'!H5:H504="Hotfix")) -> 1 | I40: =IF($B$33=0,"",REPT("█",ROUND(H40/$B$33*14,0))) -> ████ | J40: =IF($B$33=0,0,H40/$B$33) -> 0.25
B41: DFS | C41: =SUMPRODUCT(('Release Calendar'!J5:J504<>"")*('Release Calendar'!J5:J504>=$L$3)*('Release Calendar'!J5:J504<=$L$4)*('Release Calendar'!G5:G504="DFS")) -> 2 | D41: =IF($B$33=0,"",REPT("█",ROUND(C41/$B$33*14,0))) -> ███████ | E41: =IF($B$33=0,0,C41/$B$33) -> 0.5
B42: BI | C42: =SUMPRODUCT(('Release Calendar'!J5:J504<>"")*('Release Calendar'!J5:J504>=$L$3)*('Release Calendar'!J5:J504<=$L$4)*('Release Calendar'!G5:G504="BI")) -> 0 | D42: =IF($B$33=0,"",REPT("█",ROUND(C42/$B$33*14,0))) | E42: =IF($B$33=0,0,C42/$B$33) -> 0
B44: BY STATUS | G44: BY STAGE
B45: On Track | C45: =SUMPRODUCT(('Release Calendar'!J5:J504<>"")*('Release Calendar'!J5:J504>=$L$3)*('Release Calendar'!J5:J504<=$L$4)*('Release Calendar'!M5:M504="On Track")) -> 0 | D45: =IF($B$33=0,"",REPT("█",ROUND(C45/$B$33*14,0))) | E45: =IF($B$33=0,0,C45/$B$33) -> 0 | G45: Development | H45: =SUMPRODUCT(('Release Calendar'!J5:J504<>"")*('Release Calendar'!J5:J504>=$L$3)*('Release Calendar'!J5:J504<=$L$4)*('Release Calendar'!K5:K504="Development")) -> 0 | I45: =IF($B$33=0,"",REPT("█",ROUND(H45/$B$33*14,0))) | J45: =IF($B$33=0,0,H45/$B$33) -> 0
B46: At Risk | C46: =SUMPRODUCT(('Release Calendar'!J5:J504<>"")*('Release Calendar'!J5:J504>=$L$3)*('Release Calendar'!J5:J504<=$L$4)*('Release Calendar'!M5:M504="At Risk")) -> 0 | D46: =IF($B$33=0,"",REPT("█",ROUND(C46/$B$33*14,0))) | E46: =IF($B$33=0,0,C46/$B$33) -> 0 | G46: SIT | H46: =SUMPRODUCT(('Release Calendar'!J5:J504<>"")*('Release Calendar'!J5:J504>=$L$3)*('Release Calendar'!J5:J504<=$L$4)*('Release Calendar'!K5:K504="SIT")) -> 0 | I46: =IF($B$33=0,"",REPT("█",ROUND(H46/$B$33*14,0))) | J46: =IF($B$33=0,0,H46/$B$33) -> 0
B47: Delayed | C47: =SUMPRODUCT(('Release Calendar'!J5:J504<>"")*('Release Calendar'!J5:J504>=$L$3)*('Release Calendar'!J5:J504<=$L$4)*('Release Calendar'!M5:M504="Delayed")) -> 0 | D47: =IF($B$33=0,"",REPT("█",ROUND(C47/$B$33*14,0))) | E47: =IF($B$33=0,0,C47/$B$33) -> 0 | G47: UAT | H47: =SUMPRODUCT(('Release Calendar'!J5:J504<>"")*('Release Calendar'!J5:J504>=$L$3)*('Release Calendar'!J5:J504<=$L$4)*('Release Calendar'!K5:K504="UAT")) -> 0 | I47: =IF($B$33=0,"",REPT("█",ROUND(H47/$B$33*14,0))) | J47: =IF($B$33=0,0,H47/$B$33) -> 0
B48: Completed | C48: =SUMPRODUCT(('Release Calendar'!J5:J504<>"")*('Release Calendar'!J5:J504>=$L$3)*('Release Calendar'!J5:J504<=$L$4)*('Release Calendar'!M5:M504="Completed")) -> 1 | D48: =IF($B$33=0,"",REPT("█",ROUND(C48/$B$33*14,0))) -> ████ | E48: =IF($B$33=0,0,C48/$B$33) -> 0.25 | G48: CAB / RFC | H48: =SUMPRODUCT(('Release Calendar'!J5:J504<>"")*('Release Calendar'!J5:J504>=$L$3)*('Release Calendar'!J5:J504<=$L$4)*('Release Calendar'!K5:K504="CAB / RFC")) -> 0 | I48: =IF($B$33=0,"",REPT("█",ROUND(H48/$B$33*14,0))) | J48: =IF($B$33=0,0,H48/$B$33) -> 0
B49: On Hold | C49: =SUMPRODUCT(('Release Calendar'!J5:J504<>"")*('Release Calendar'!J5:J504>=$L$3)*('Release Calendar'!J5:J504<=$L$4)*('Release Calendar'!M5:M504="On Hold")) -> 0 | D49: =IF($B$33=0,"",REPT("█",ROUND(C49/$B$33*14,0))) | E49: =IF($B$33=0,0,C49/$B$33) -> 0 | G49: Code Freeze | H49: =SUMPRODUCT(('Release Calendar'!J5:J504<>"")*('Release Calendar'!J5:J504>=$L$3)*('Release Calendar'!J5:J504<=$L$4)*('Release Calendar'!K5:K504="Code Freeze")) -> 0 | I49: =IF($B$33=0,"",REPT("█",ROUND(H49/$B$33*14,0))) | J49: =IF($B$33=0,0,H49/$B$33) -> 0
G50: Pre-Prod | H50: =SUMPRODUCT(('Release Calendar'!J5:J504<>"")*('Release Calendar'!J5:J504>=$L$3)*('Release Calendar'!J5:J504<=$L$4)*('Release Calendar'!K5:K504="Pre-Prod")) -> 1 | I50: =IF($B$33=0,"",REPT("█",ROUND(H50/$B$33*14,0))) -> ████ | J50: =IF($B$33=0,0,H50/$B$33) -> 0.25
B51: HOLIDAYS | G51: Production | H51: =SUMPRODUCT(('Release Calendar'!J5:J504<>"")*('Release Calendar'!J5:J504>=$L$3)*('Release Calendar'!J5:J504<=$L$4)*('Release Calendar'!K5:K504="Production")) -> 3 | I51: =IF($B$33=0,"",REPT("█",ROUND(H51/$B$33*14,0))) -> ███████████ | J51: =IF($B$33=0,0,H51/$B$33) -> 0.75
B52: Holiday conflicts | C52: =SUMPRODUCT(('Release Calendar'!J5:J504<>"")*('Release Calendar'!J5:J504>=$L$3)*('Release Calendar'!J5:J504<=$L$4)*('Release Calendar'!Q5:Q504<>"")*(LEFT('Release Calendar'!Q5:Q504,9)="Conflict:")) -> 0 | G52: Completed | H52: =SUMPRODUCT(('Release Calendar'!J5:J504<>"")*('Release Calendar'!J5:J504>=$L$3)*('Release Calendar'!J5:J504<=$L$4)*('Release Calendar'!K5:K504="Completed")) -> 0 | I52: =IF($B$33=0,"",REPT("█",ROUND(H52/$B$33*14,0))) | J52: =IF($B$33=0,0,H52/$B$33) -> 0
G53: On Hold | H53: =SUMPRODUCT(('Release Calendar'!J5:J504<>"")*('Release Calendar'!J5:J504>=$L$3)*('Release Calendar'!J5:J504<=$L$4)*('Release Calendar'!K5:K504="On Hold")) -> 0 | I53: =IF($B$33=0,"",REPT("█",ROUND(H53/$B$33*14,0))) | J53: =IF($B$33=0,0,H53/$B$33) -> 0
B55: HOW TO USE
B56: 1. Enter / update releases only on the 'Release Calendar' sheet — yellow cells only.
B57: 2. Use the dropdowns for Platform, Deployment Type, Stage, Owner and Status.
B58: 3. The Holiday Conflict column flags releases planned on a holiday — fix red flags before status meetings.
B59: 4. This dashboard and the calendar / Gantt sheets update automatically — do not edit them.
B60: 5. Ask the Release Manager to update any dropdown list if new values are needed.

Sheet Holidays
A1: TEKNOSYS · TELECOM DW | Holiday Blackout Calendar
A2: Add holidays here. Target Deploy dates falling on any listed holiday will be blocked automatically.
A3: For a single-day holiday, put the same date in both Start Date and End Date. Multi-day holidays span the whole range inclusive.
A4: # | B4: Holiday Name | C4: Start Date | D4: End Date | E4: Notes | F4: Row Check
A5: 1 | B5: Kashmir Day | C5: 46058 | D5: 46058 | E5: Fixed public holiday | F5: =IF(AND(B5="",C5="",D5="",E5=""),"",IF(AND(B5="",OR(C5<>"",D5<>"")),"Missing name",IF(AND(C5<>"",D5=""),"Missing end date",IF(AND(D5<>"",C5=""),"Missing start date",IF(AND(C5<>"",D5<>"",D5<C5),"End before Start",IF(AND(C5<>"",D5<>"",D5-C5>31),"Range too long (>31d)","OK")))))) -> OK
A6: 2 | B6: Eid-ul-Fitr | C6: 46101 | D6: 46102 | E6: Tentative (moon sighting) | F6: =IF(AND(B6="",C6="",D6="",E6=""),"",IF(AND(B6="",OR(C6<>"",D6<>"")),"Missing name",IF(AND(C6<>"",D6=""),"Missing end date",IF(AND(D6<>"",C6=""),"Missing start date",IF(AND(C6<>"",D6<>"",D6<C6),"End before Start",IF(AND(C6<>"",D6<>"",D6-C6>31),"Range too long (>31d)","OK")))))) -> OK
A7: 3 | B7: Pakistan Day | C7: 46104 | D7: 46104 | E7: Fixed public holiday | F7: =IF(AND(B7="",C7="",D7="",E7=""),"",IF(AND(B7="",OR(C7<>"",D7<>"")),"Missing name",IF(AND(C7<>"",D7=""),"Missing end date",IF(AND(D7<>"",C7=""),"Missing start date",IF(AND(C7<>"",D7<>"",D7<C7),"End before Start",IF(AND(C7<>"",D7<>"",D7-C7>31),"Range too long (>31d)","OK")))))) -> OK
A8: 4 | B8: Labour Day | C8: 46143 | D8: 46143 | E8: Fixed public holiday | F8: =IF(AND(B8="",C8="",D8="",E8=""),"",IF(AND(B8="",OR(C8<>"",D8<>"")),"Missing name",IF(AND(C8<>"",D8=""),"Missing end date",IF(AND(D8<>"",C8=""),"Missing start date",IF(AND(C8<>"",D8<>"",D8<C8),"End before Start",IF(AND(C8<>"",D8<>"",D8-C8>31),"Range too long (>31d)","OK")))))) -> OK
A9: 5 | B9: Eid-ul-Adha | C9: 46169 | D9: 46171 | E9: Tentative (moon sighting) | F9: =IF(AND(B9="",C9="",D9="",E9=""),"",IF(AND(B9="",OR(C9<>"",D9<>"")),"Missing name",IF(AND(C9<>"",D9=""),"Missing end date",IF(AND(D9<>"",C9=""),"Missing start date",IF(AND(C9<>"",D9<>"",D9<C9),"End before Start",IF(AND(C9<>"",D9<>"",D9-C9>31),"Range too long (>31d)","OK")))))) -> OK
A10: 6 | B10: Ashura (9th-10th Muharram) | C10: 46197 | D10: 46198 | E10: Tentative (Islamic calendar) | F10: =IF(AND(B10="",C10="",D10="",E10=""),"",IF(AND(B10="",OR(C10<>"",D10<>"")),"Missing name",IF(AND(C10<>"",D10=""),"Missing end date",IF(AND(D10<>"",C10=""),"Missing start date",IF(AND(C10<>"",D10<>"",D10<C10),"End before Start",IF(AND(C10<>"",D10<>"",D10-C10>31),"Range too long (>31d)","OK")))))) -> OK
A11: 7 | B11: Independence Day | C11: 46248 | D11: 46248 | E11: Fixed public holiday | F11: =IF(AND(B11="",C11="",D11="",E11=""),"",IF(AND(B11="",OR(C11<>"",D11<>"")),"Missing name",IF(AND(C11<>"",D11=""),"Missing end date",IF(AND(D11<>"",C11=""),"Missing start date",IF(AND(C11<>"",D11<>"",D11<C11),"End before Start",IF(AND(C11<>"",D11<>"",D11-C11>31),"Range too long (>31d)","OK")))))) -> OK
A12: 8 | B12: Eid Milad-un-Nabi | C12: 46259 | D12: 46259 | E12: Tentative (moon sighting) | F12: =IF(AND(B12="",C12="",D12="",E12=""),"",IF(AND(B12="",OR(C12<>"",D12<>"")),"Missing name",IF(AND(C12<>"",D12=""),"Missing end date",IF(AND(D12<>"",C12=""),"Missing start date",IF(AND(C12<>"",D12<>"",D12<C12),"End before Start",IF(AND(C12<>"",D12<>"",D12-C12>31),"Range too long (>31d)","OK")))))) -> OK
A13: 9 | B13: Iqbal Day | C13: 46335 | D13: 46335 | E13: Fixed public holiday | F13: =IF(AND(B13="",C13="",D13="",E13=""),"",IF(AND(B13="",OR(C13<>"",D13<>"")),"Missing name",IF(AND(C13<>"",D13=""),"Missing end date",IF(AND(D13<>"",C13=""),"Missing start date",IF(AND(C13<>"",D13<>"",D13<C13),"End before Start",IF(AND(C13<>"",D13<>"",D13-C13>31),"Range too long (>31d)","OK")))))) -> OK
A14: 10 | B14: Quaid-e-Azam Day / Christmas | C14: 46381 | D14: 46381 | E14: Fixed public holiday | F14: =IF(AND(B14="",C14="",D14="",E14=""),"",IF(AND(B14="",OR(C14<>"",D14<>"")),"Missing name",IF(AND(C14<>"",D14=""),"Missing end date",IF(AND(D14<>"",C14=""),"Missing start date",IF(AND(C14<>"",D14<>"",D14<C14),"End before Start",IF(AND(C14<>"",D14<>"",D14-C14>31),"Range too long (>31d)","OK")))))) -> OK
A15: 11 | B15: Kashmir Day | C15: 46423 | D15: 46423 | E15: Fixed public holiday | F15: =IF(AND(B15="",C15="",D15="",E15=""),"",IF(AND(B15="",OR(C15<>"",D15<>"")),"Missing name",IF(AND(C15<>"",D15=""),"Missing end date",IF(AND(D15<>"",C15=""),"Missing start date",IF(AND(C15<>"",D15<>"",D15<C15),"End before Start",IF(AND(C15<>"",D15<>"",D15-C15>31),"Range too long (>31d)","OK")))))) -> OK
A16: 12 | B16: Eid-ul-Fitr | C16: 46456 | D16: 46458 | E16: Tentative (moon sighting) | F16: =IF(AND(B16="",C16="",D16="",E16=""),"",IF(AND(B16="",OR(C16<>"",D16<>"")),"Missing name",IF(AND(C16<>"",D16=""),"Missing end date",IF(AND(D16<>"",C16=""),"Missing start date",IF(AND(C16<>"",D16<>"",D16<C16),"End before Start",IF(AND(C16<>"",D16<>"",D16-C16>31),"Range too long (>31d)","OK")))))) -> OK
... A25: 21 | B25: Quaid-e-Azam Day / Christmas | C25: 46746 | D25: 46746 | E25: Fixed public holiday | F25: =IF(AND(B25="",C25="",D25="",E25=""),"",IF(AND(B25="",OR(C25<>"",D25<>"")),"Missing name",IF(AND(C25<>"",D25=""),"Missing end date",IF(AND(D25<>"",C25=""),"Missing start date",IF(AND(C25<>"",D25<>"",D25<C25),"End before Start",IF(AND(C25<>"",D25<>"",D25-C25>31),"Range too long (>31d)","OK")))))) -> OK
A26: 22 | F26: =IF(AND(B26="",C26="",D26="",E26=""),"",IF(AND(B26="",OR(C26<>"",D26<>"")),"Missing name",IF(AND(C26<>"",D26=""),"Missing end date",IF(AND(D26<>"",C26=""),"Missing start date",IF(AND(C26<>"",D26<>"",D26<C26),"End before Start",IF(AND(C26<>"",D26<>"",D26-C26>31),"Range too long (>31d)","OK"))))))
A27: 23 | F27: =IF(AND(B27="",C27="",D27="",E27=""),"",IF(AND(B27="",OR(C27<>"",D27<>"")),"Missing name",IF(AND(C27<>"",D27=""),"Missing end date",IF(AND(D27<>"",C27=""),"Missing start date",IF(AND(C27<>"",D27<>"",D27<C27),"End before Start",IF(AND(C27<>"",D27<>"",D27-C27>31),"Range too long (>31d)","OK"))))))
A28: 24 | F28: =IF(AND(B28="",C28="",D28="",E28=""),"",IF(AND(B28="",OR(C28<>"",D28<>"")),"Missing name",IF(AND(C28<>"",D28=""),"Missing end date",IF(AND(D28<>"",C28=""),"Missing start date",IF(AND(C28<>"",D28<>"",D28<C28),"End before Start",IF(AND(C28<>"",D28<>"",D28-C28>31),"Range too long (>31d)","OK"))))))
A29: 25 | F29: =IF(AND(B29="",C29="",D29="",E29=""),"",IF(AND(B29="",OR(C29<>"",D29<>"")),"Missing name",IF(AND(C29<>"",D29=""),"Missing end date",IF(AND(D29<>"",C29=""),"Missing start date",IF(AND(C29<>"",D29<>"",D29<C29),"End before Start",IF(AND(C29<>"",D29<>"",D29-C29>31),"Range too long (>31d)","OK"))))))
A30: 26 | F30: =IF(AND(B30="",C30="",D30="",E30=""),"",IF(AND(B30="",OR(C30<>"",D30<>"")),"Missing name",IF(AND(C30<>"",D30=""),"Missing end date",IF(AND(D30<>"",C30=""),"Missing start date",IF(AND(C30<>"",D30<>"",D30<C30),"End before Start",IF(AND(C30<>"",D30<>"",D30-C30>31),"Range too long (>31d)","OK"))))))
A31: 27 | F31: =IF(AND(B31="",C31="",D31="",E31=""),"",IF(AND(B31="",OR(C31<>"",D31<>"")),"Missing name",IF(AND(C31<>"",D31=""),"Missing end date",IF(AND(D31<>"",C31=""),"Missing start date",IF(AND(C31<>"",D31<>"",D31<C31),"End before Start",IF(AND(C31<>"",D31<>"",D31-C31>31),"Range too long (>31d)","OK"))))))
A32: 28 | F32: =IF(AND(B32="",C32="",D32="",E32=""),"",IF(AND(B32="",OR(C32<>"",D32<>"")),"Missing name",IF(AND(C32<>"",D32=""),"Missing end date",IF(AND(D32<>"",C32=""),"Missing start date",IF(AND(C32<>"",D32<>"",D32<C32),"End before Start",IF(AND(C32<>"",D32<>"",D32-C32>31),"Range too long (>31d)","OK"))))))
A33: 29 | F33: =IF(AND(B33="",C33="",D33="",E33=""),"",IF(AND(B33="",OR(C33<>"",D33<>"")),"Missing name",IF(AND(C33<>"",D33=""),"Missing end date",IF(AND(D33<>"",C33=""),"Missing start date",IF(AND(C33<>"",D33<>"",D33<C33),"End before Start",IF(AND(C33<>"",D33<>"",D33-C33>31),"Range too long (>31d)","OK"))))))
A34: 30 | F34: =IF(AND(B34="",C34="",D34="",E34=""),"",IF(AND(B34="",OR(C34<>"",D34<>"")),"Missing name",IF(AND(C34<>"",D34=""),"Missing end date",IF(AND(D34<>"",C34=""),"Missing start date",IF(AND(C34<>"",D34<>"",D34<C34),"End before Start",IF(AND(C34<>"",D34<>"",D34-C34>31),"Range too long (>31d)","OK"))))))

Sheet Release Calendar
A1: TEKNOSYS · TELECOM DW | Release Tracker
A2: Each release is tracked independently · update Current Stage and Status as it moves forward
A3: ✎ Fill in the yellow columns (use the dropdowns for Platform, Type, Stage, Owner and Status; dates as yyyy-mm-dd). ■ The grey-green Holiday Conflict column is automatic — do not edit.
A4: # | B4: Release Name | C4: RITM | D4: CR | E4: Developer Name | F4: Version / Tag | G4: Platform | H4: Deployment Type | I4: Start Date | J4: Target Deploy | K4: Current Stage | L4: Stage Owner | M4: Status | N4: DB Objects Changed | O4: Notes / Blockers | P4: Email | Q4: Holiday Conflict
A5: 1 | B5: BVS Sales Old Age flag Core | E5: Rabia Qayyum | F5: v1 | G5: GSM | H5: Scheduled | I5: 46238 | J5: 46246 | K5: Production | L5: Ops Team | M5: Completed | O5: Nothing | Q5: =IF(OR(B5="",J5=""),"",IF(SUMPRODUCT((J5>=HolidayStart)*(J5<=HolidayEnd)*(HolidayStart<>""))>0,"Conflict: "&INDEX(HolidayName,SUMPRODUCT((J5>=HolidayStart)*(J5<=HolidayEnd)*(HolidayStart<>"")*ROW(HolidayStart))-ROW(INDEX(HolidayStart,1,1))+1),""))
A6: 2 | B6: OMNI API table export | E6: Mahum Tariq | F6: V1 | G6: APIs | H6: Scheduled | I6: 46244 | J6: 46246 | K6: Production | L6: Dev Team | M6: Completed | O6: NA | Q6: =IF(OR(B6="",J6=""),"",IF(SUMPRODUCT((J6>=HolidayStart)*(J6<=HolidayEnd)*(HolidayStart<>""))>0,"Conflict: "&INDEX(HolidayName,SUMPRODUCT((J6>=HolidayStart)*(J6<=HolidayEnd)*(HolidayStart<>"")*ROW(HolidayStart))-ROW(INDEX(HolidayStart,1,1))+1),""))
A7: 3 | B7: Multiplay 90 Days (Pre and Post) | E7: Ukasha Shafique | F7: V1 | G7: GSM | H7: Scheduled | I7: 46237 | J7: 46252 | K7: Production | L7: Dev Team | M7: Completed | O7: None | Q7: =IF(OR(B7="",J7=""),"",IF(SUMPRODUCT((J7>=HolidayStart)*(J7<=HolidayEnd)*(HolidayStart<>""))>0,"Conflict: "&INDEX(HolidayName,SUMPRODUCT((J7>=HolidayStart)*(J7<=HolidayEnd)*(HolidayStart<>"")*ROW(HolidayStart))-ROW(INDEX(HolidayStart,1,1))+1),""))
A8: 4 | B8: Addition in Universal Charging Base | E8: Hafsa Malik | F8: V1 | G8: GSM | H8: Scheduled | I8: 46251 | J8: 46253 | K8: Production | L8: Dev Lead | M8: Completed | O8: None | Q8: =IF(OR(B8="",J8=""),"",IF(SUMPRODUCT((J8>=HolidayStart)*(J8<=HolidayEnd)*(HolidayStart<>""))>0,"Conflict: "&INDEX(HolidayName,SUMPRODUCT((J8>=HolidayStart)*(J8<=HolidayEnd)*(HolidayStart<>"")*ROW(HolidayStart))-ROW(INDEX(HolidayStart,1,1))+1),""))
A9: 5 | B9: postpaid lifecycle hotfix | E9: Moeiz Bhatti | F9: V1 | G9: GSM | H9: Hotfix | I9: 46251 | J9: 46251 | K9: Production | L9: Dev Team | M9: Completed | O9: NONE | Q9: =IF(OR(B9="",J9=""),"",IF(SUMPRODUCT((J9>=HolidayStart)*(J9<=HolidayEnd)*(HolidayStart<>""))>0,"Conflict: "&INDEX(HolidayName,SUMPRODUCT((J9>=HolidayStart)*(J9<=HolidayEnd)*(HolidayStart<>"")*ROW(HolidayStart))-ROW(INDEX(HolidayStart,1,1))+1),""))
A10: 6 | B10: BVS Sales Old Age flag Semantic | E10: Rabia Qayyum | F10: V2 | G10: GSM | H10: Scheduled | I10: 46246 | J10: 46253 | K10: Production | L10: Dev Team | M10: Completed | O10: None | Q10: =IF(OR(B10="",J10=""),"",IF(SUMPRODUCT((J10>=HolidayStart)*(J10<=HolidayEnd)*(HolidayStart<>""))>0,"Conflict: "&INDEX(HolidayName,SUMPRODUCT((J10>=HolidayStart)*(J10<=HolidayEnd)*(HolidayStart<>"")*ROW(HolidayStart))-ROW(INDEX(HolidayStart,1,1))+1),""))
A11: 7 | B11: UCIP_LKP update | E11: Daniyal Ahmed | F11: V1 | G11: GSM | H11: Scheduled | I11: 46252 | J11: 46253 | K11: Production | L11: Ops Team | M11: Completed | O11: None | Q11: =IF(OR(B11="",J11=""),"",IF(SUMPRODUCT((J11>=HolidayStart)*(J11<=HolidayEnd)*(HolidayStart<>""))>0,"Conflict: "&INDEX(HolidayName,SUMPRODUCT((J11>=HolidayStart)*(J11<=HolidayEnd)*(HolidayStart<>"")*ROW(HolidayStart))-ROW(INDEX(HolidayStart,1,1))+1),""))
A12: 8 | B12: Daily Kpi Report - Addition of KPIs | E12: Afia Abdul Rehman | F12: V3 | G12: DFS | H12: Scheduled | I12: 46267 | J12: 46267 | K12: Production | L12: Ops Team | M12: Completed | O12: None | Q12: =IF(OR(B12="",J12=""),"",IF(SUMPRODUCT((J12>=HolidayStart)*(J12<=HolidayEnd)*(HolidayStart<>""))>0,"Conflict: "&INDEX(HolidayName,SUMPRODUCT((J12>=HolidayStart)*(J12<=HolidayEnd)*(HolidayStart<>"")*ROW(HolidayStart))-ROW(INDEX(HolidayStart,1,1))+1),""))
A13: 9 | B13: Reward Hub Ceo Category | E13: Abdul Wahab Malik | F13: V1 | G13: DFS | H13: Emergency | I13: 46266 | J13: 46269 | K13: Production | L13: Release Manager | M13: Completed | O13: None | Q13: =IF(OR(B13="",J13=""),"",IF(SUMPRODUCT((J13>=HolidayStart)*(J13<=HolidayEnd)*(HolidayStart<>""))>0,"Conflict: "&INDEX(HolidayName,SUMPRODUCT((J13>=HolidayStart)*(J13<=HolidayEnd)*(HolidayStart<>"")*ROW(HolidayStart))-ROW(INDEX(HolidayStart,1,1))+1),""))
A14: 10 | B14: Daily KPI Report- Addition of App Kpis | E14: Afia Abdul Rehman | F14: V10 | G14: DFS | H14: Scheduled | I14: 46274 | J14: 46274 | K14: Completed | L14: Release Manager | M14: Completed | O14: None | Q14: =IF(OR(B14="",J14=""),"",IF(SUMPRODUCT((J14>=HolidayStart)*(J14<=HolidayEnd)*(HolidayStart<>""))>0,"Conflict: "&INDEX(HolidayName,SUMPRODUCT((J14>=HolidayStart)*(J14<=HolidayEnd)*(HolidayStart<>"")*ROW(HolidayStart))-ROW(INDEX(HolidayStart,1,1))+1),""))
A15: 11 | B15: Postpaid lifecycle DDLS fix | E15: Moeiz Ali Bhatti | F15: v1 | G15: GSM | H15: Scheduled | I15: 46274 | J15: 46274 | K15: Production | L15: Release Manager | M15: Completed | O15: None | Q15: =IF(OR(B15="",J15=""),"",IF(SUMPRODUCT((J15>=HolidayStart)*(J15<=HolidayEnd)*(HolidayStart<>""))>0,"Conflict: "&INDEX(HolidayName,SUMPRODUCT((J15>=HolidayStart)*(J15<=HolidayEnd)*(HolidayStart<>"")*ROW(HolidayStart))-ROW(INDEX(HolidayStart,1,1))+1),""))
A16: 12 | B16: Jazz Advance TPT Update | E16: Hafsa Malik | F16: V1 | G16: APIs | H16: Scheduled | I16: 46265 | J16: 46265 | K16: Completed | L16: Ops Team | M16: Completed | O16: None | Q16: =IF(OR(B16="",J16=""),"",IF(SUMPRODUCT((J16>=HolidayStart)*(J16<=HolidayEnd)*(HolidayStart<>""))>0,"Conflict: "&INDEX(HolidayName,SUMPRODUCT((J16>=HolidayStart)*(J16<=HolidayEnd)*(HolidayStart<>"")*ROW(HolidayStart))-ROW(INDEX(HolidayStart,1,1))+1),""))
... A18: 14 | B18: Simosa Parent Child Sourcing | E18: Daniyal Ahmed | F18: V1 | G18: GSM | H18: Scheduled | I18: 46273 | J18: 46274 | K18: Production | L18: Dev Team | M18: Completed | O18: None | Q18: =IF(OR(B18="",J18=""),"",IF(SUMPRODUCT((J18>=HolidayStart)*(J18<=HolidayEnd)*(HolidayStart<>""))>0,"Conflict: "&INDEX(HolidayName,SUMPRODUCT((J18>=HolidayStart)*(J18<=HolidayEnd)*(HolidayStart<>"")*ROW(HolidayStart))-ROW(INDEX(HolidayStart,1,1))+1),""))
A19: 15 | B19: live app hierarchy fix | E19: Asfandyar Barki | F19: v1 | G19: GSM | H19: Hotfix | I19: 46243 | J19: 46243 | K19: Production | L19: Dev Team | M19: Completed | Q19: =IF(OR(B19="",J19=""),"",IF(SUMPRODUCT((J19>=HolidayStart)*(J19<=HolidayEnd)*(HolidayStart<>""))>0,"Conflict: "&INDEX(HolidayName,SUMPRODUCT((J19>=HolidayStart)*(J19<=HolidayEnd)*(HolidayStart<>"")*ROW(HolidayStart))-ROW(INDEX(HolidayStart,1,1))+1),""))
A20: 16 | B20: Dekho - Digital Lifecycle Snapshot Discontinuation | E20: Ahmad Faizan | F20: v1 | G20: GSM | H20: Scheduled | I20: 46273 | J20: 46274 | K20: Production | L20: Dev Team | M20: Completed | O20: None | Q20: =IF(OR(B20="",J20=""),"",IF(SUMPRODUCT((J20>=HolidayStart)*(J20<=HolidayEnd)*(HolidayStart<>""))>0,"Conflict: "&INDEX(HolidayName,SUMPRODUCT((J20>=HolidayStart)*(J20<=HolidayEnd)*(HolidayStart<>"")*ROW(HolidayStart))-ROW(INDEX(HolidayStart,1,1))+1),""))
A21: 17 | B21: DFS Lifecycle new columns addition | E21: Muhammad Fawad Akhtar | F21: v4 | G21: DFS | H21: Scheduled | I21: 46281 | J21: 46281 | K21: Production | L21: Dev Team | M21: Completed | Q21: =IF(OR(B21="",J21=""),"",IF(SUMPRODUCT((J21>=HolidayStart)*(J21<=HolidayEnd)*(HolidayStart<>""))>0,"Conflict: "&INDEX(HolidayName,SUMPRODUCT((J21>=HolidayStart)*(J21<=HolidayEnd)*(HolidayStart<>"")*ROW(HolidayStart))-ROW(INDEX(HolidayStart,1,1))+1),""))
A22: 18 | B22: lifecycle view fix for sbskey | E22: Moeiz Bhatti | F22: v1 | G22: GSM | H22: Scheduled | I22: 46281 | J22: 46281 | K22: Production | L22: Dev Team | M22: Completed | P22: sbscrpn_key tagging fix in 3 views of new lifecycle. | Q22: =IF(OR(B22="",J22=""),"",IF(SUMPRODUCT((J22>=HolidayStart)*(J22<=HolidayEnd)*(HolidayStart<>""))>0,"Conflict: "&INDEX(HolidayName,SUMPRODUCT((J22>=HolidayStart)*(J22<=HolidayEnd)*(HolidayStart<>"")*ROW(HolidayStart))-ROW(INDEX(HolidayStart,1,1))+1),""))
A23: 19 | B23: SDS 5G Attributes Addition | E23: Bilal Siddiqui | F23: v1 | G23: GSM | H23: Scheduled | I23: 46281 | J23: 46281 | K23: Production | L23: Ops Team | M23: Completed | Q23: =IF(OR(B23="",J23=""),"",IF(SUMPRODUCT((J23>=HolidayStart)*(J23<=HolidayEnd)*(HolidayStart<>""))>0,"Conflict: "&INDEX(HolidayName,SUMPRODUCT((J23>=HolidayStart)*(J23<=HolidayEnd)*(HolidayStart<>"")*ROW(HolidayStart))-ROW(INDEX(HolidayStart,1,1))+1),""))
A24: 20 | B24: Rox Achievement Fix | E24: Asfandyar Barki | F24: v1 | G24: GSM | H24: Hotfix | I24: 46286 | J24: 46286 | K24: Production | L24: Dev Team | M24: Completed | P24: Re: Difference in Postpaid and ROX achievements in Datewise and in indivivdual reports | RM-1990 | Q24: =IF(OR(B24="",J24=""),"",IF(SUMPRODUCT((J24>=HolidayStart)*(J24<=HolidayEnd)*(HolidayStart<>""))>0,"Conflict: "&INDEX(HolidayName,SUMPRODUCT((J24>=HolidayStart)*(J24<=HolidayEnd)*(HolidayStart<>"")*ROW(HolidayStart))-ROW(INDEX(HolidayStart,1,1))+1),""))
A25: 21 | B25: CPS License Log & Daily OFT Report | E25: Waqar Saeed | F25: v1 | G25: DFS | H25: Scheduled | I25: 46275 | J25: 46287 | K25: UAT | L25: Dev Team | M25: Completed | Q25: =IF(OR(B25="",J25=""),"",IF(SUMPRODUCT((J25>=HolidayStart)*(J25<=HolidayEnd)*(HolidayStart<>""))>0,"Conflict: "&INDEX(HolidayName,SUMPRODUCT((J25>=HolidayStart)*(J25<=HolidayEnd)*(HolidayStart<>"")*ROW(HolidayStart))-ROW(INDEX(HolidayStart,1,1))+1),""))
A26: 22 | B26: NBO Lookup - New Sourcing | E26: Asfandyar Barki | F26: v1 | G26: GSM | H26: Scheduled | I26: 46288 | J26: 46288 | K26: Production | L26: Dev Team | M26: Completed | Q26: =IF(OR(B26="",J26=""),"",IF(SUMPRODUCT((J26>=HolidayStart)*(J26<=HolidayEnd)*(HolidayStart<>""))>0,"Conflict: "&INDEX(HolidayName,SUMPRODUCT((J26>=HolidayStart)*(J26<=HolidayEnd)*(HolidayStart<>"")*ROW(HolidayStart))-ROW(INDEX(HolidayStart,1,1))+1),""))
A27: 23 | B27: Sales Fact 5G Date Addition | E27: Bilal Siddiqui | F27: v1 | G27: GSM | H27: Scheduled | I27: 46290 | J27: 46295 | K27: Production | L27: Dev Team | M27: Completed | Q27: =IF(OR(B27="",J27=""),"",IF(SUMPRODUCT((J27>=HolidayStart)*(J27<=HolidayEnd)*(HolidayStart<>""))>0,"Conflict: "&INDEX(HolidayName,SUMPRODUCT((J27>=HolidayStart)*(J27<=HolidayEnd)*(HolidayStart<>"")*ROW(HolidayStart))-ROW(INDEX(HolidayStart,1,1))+1),""))
A28: 24 | B28: postpaid live | E28: moeiz bhatti | F28: v1 | G28: GSM | H28: Scheduled | I28: 46295 | J28: 46295 | K28: Production | L28: Dev Team | M28: Completed | Q28: =IF(OR(B28="",J28=""),"",IF(SUMPRODUCT((J28>=HolidayStart)*(J28<=HolidayEnd)*(HolidayStart<>""))>0,"Conflict: "&INDEX(HolidayName,SUMPRODUCT((J28>=HolidayStart)*(J28<=HolidayEnd)*(HolidayStart<>"")*ROW(HolidayStart))-ROW(INDEX(HolidayStart,1,1))+1),""))
A29: 25 | B29: addition of KPIS in script dashboard day wise kpi | E29: Fawad Akhtar | F29: v2 | G29: DFS | H29: Scheduled | I29: 46295 | J29: 46295 | K29: Production | L29: Ops Team | M29: Completed | Q29: =IF(OR(B29="",J29=""),"",IF(SUMPRODUCT((J29>=HolidayStart)*(J29<=HolidayEnd)*(HolidayStart<>""))>0,"Conflict: "&INDEX(HolidayName,SUMPRODUCT((J29>=HolidayStart)*(J29<=HolidayEnd)*(HolidayStart<>"")*ROW(HolidayStart))-ROW(INDEX(HolidayStart,1,1))+1),""))
A30: 26 | B30: Postpaid Conversion API | E30: Hafsa Malik | F30: v1 | G30: GSM | H30: Scheduled | I30: 46293 | J30: 46295 | K30: Pre-Prod | L30: Dev Team | M30: Completed | Q30: =IF(OR(B30="",J30=""),"",IF(SUMPRODUCT((J30>=HolidayStart)*(J30<=HolidayEnd)*(HolidayStart<>""))>0,"Conflict: "&INDEX(HolidayName,SUMPRODUCT((J30>=HolidayStart)*(J30<=HolidayEnd)*(HolidayStart<>"")*ROW(HolidayStart))-ROW(INDEX(HolidayStart,1,1))+1),""))
A31: 27 | B31: Jazz Advance TPT Update | E31: Hafsa Malik | F31: V1 | G31: GSM | H31: Scheduled | I31: 46293 | J31: 46295 | K31: Pre-Prod | L31: Dev Team | M31: Completed | Q31: =IF(OR(B31="",J31=""),"",IF(SUMPRODUCT((J31>=HolidayStart)*(J31<=HolidayEnd)*(HolidayStart<>""))>0,"Conflict: "&INDEX(HolidayName,SUMPRODUCT((J31>=HolidayStart)*(J31<=HolidayEnd)*(HolidayStart<>"")*ROW(HolidayStart))-ROW(INDEX(HolidayStart,1,1))+1),""))
A32: 28 | B32: Jazz CX IVR API | E32: Husinah Amir | F32: V1 | G32: GSM | H32: Scheduled | I32: 46293 | J32: 46295 | K32: Production | L32: Dev Team | M32: On Hold | Q32: =IF(OR(B32="",J32=""),"",IF(SUMPRODUCT((J32>=HolidayStart)*(J32<=HolidayEnd)*(HolidayStart<>""))>0,"Conflict: "&INDEX(HolidayName,SUMPRODUCT((J32>=HolidayStart)*(J32<=HolidayEnd)*(HolidayStart<>"")*ROW(HolidayStart))-ROW(INDEX(HolidayStart,1,1))+1),""))
A33: 29 | B33: FikrFree New Sourcing | E33: Ahmad Faizan | F33: V1 | G33: JLV | H33: Scheduled | I33: 46294 | J33: 46295 | K33: Production | L33: Dev Team | M33: On Hold | Q33: =IF(OR(B33="",J33=""),"",IF(SUMPRODUCT((J33>=HolidayStart)*(J33<=HolidayEnd)*(HolidayStart<>""))>0,"Conflict: "&INDEX(HolidayName,SUMPRODUCT((J33>=HolidayStart)*(J33<=HolidayEnd)*(HolidayStart<>"")*ROW(HolidayStart))-ROW(INDEX(HolidayStart,1,1))+1),""))
A34: 30 | B34: MSPH COLUMN ADDITION | E34: Tauseef haq | F34: V1 | G34: GSM | H34: Scheduled | I34: 46295 | J34: 46295 | K34: Production | L34: Dev Team | M34: Completed | Q34: =IF(OR(B34="",J34=""),"",IF(SUMPRODUCT((J34>=HolidayStart)*(J34<=HolidayEnd)*(HolidayStart<>""))>0,"Conflict: "&INDEX(HolidayName,SUMPRODUCT((J34>=HolidayStart)*(J34<=HolidayEnd)*(HolidayStart<>"")*ROW(HolidayStart))-ROW(INDEX(HolidayStart,1,1))+1),""))
A35: 31 | B35: UCIP_LKP update (Gamenow Ucips) | E35: Daniyal Ahmed | F35: V1 | G35: GSM | H35: Scheduled | I35: 46295 | J35: 46295 | K35: Pre-Prod | L35: Dev Team | M35: Completed | Q35: =IF(OR(B35="",J35=""),"",IF(SUMPRODUCT((J35>=HolidayStart)*(J35<=HolidayEnd)*(HolidayStart<>""))>0,"Conflict: "&INDEX(HolidayName,SUMPRODUCT((J35>=HolidayStart)*(J35<=HolidayEnd)*(HolidayStart<>"")*ROW(HolidayStart))-ROW(INDEX(HolidayStart,1,1))+1),""))
A36: 32 | B36: 699 ODS – Subscriber Upgrade/Whitelisting Plan | E36: Asfandyar Barki | F36: v1 | G36: GSM | H36: Scheduled | I36: 46295 | J36: 46295 | K36: Production | L36: Dev Team | M36: Completed | Q36: =IF(OR(B36="",J36=""),"",IF(SUMPRODUCT((J36>=HolidayStart)*(J36<=HolidayEnd)*(HolidayStart<>""))>0,"Conflict: "&INDEX(HolidayName,SUMPRODUCT((J36>=HolidayStart)*(J36<=HolidayEnd)*(HolidayStart<>"")*ROW(HolidayStart))-ROW(INDEX(HolidayStart,1,1))+1),""))
A37: 33 | B37: Tamasha IP list update | E37: Ahmad Faizan | F37: V1 | G37: GSM | H37: Scheduled | I37: 46302 | J37: 46302 | K37: Pre-Prod | L37: Dev Team | Q37: =IF(OR(B37="",J37=""),"",IF(SUMPRODUCT((J37>=HolidayStart)*(J37<=HolidayEnd)*(HolidayStart<>""))>0,"Conflict: "&INDEX(HolidayName,SUMPRODUCT((J37>=HolidayStart)*(J37<=HolidayEnd)*(HolidayStart<>"")*ROW(HolidayStart))-ROW(INDEX(HolidayStart,1,1))+1),""))
A38: 34 | B38: Reward Hub Ceo Category | E38: Afia Abdul Rehman | F38: V1 | G38: DFS | H38: Scheduled | I38: 46302 | J38: 46302 | K38: Production | M38: Completed | Q38: =IF(OR(B38="",J38=""),"",IF(SUMPRODUCT((J38>=HolidayStart)*(J38<=HolidayEnd)*(HolidayStart<>""))>0,"Conflict: "&INDEX(HolidayName,SUMPRODUCT((J38>=HolidayStart)*(J38<=HolidayEnd)*(HolidayStart<>"")*ROW(HolidayStart))-ROW(INDEX(HolidayStart,1,1))+1),""))
A39: 35 | B39: Digital Funnel Daily and linked MP Marts - Tamasha Definition Update | E39: Daniyal Ahmed | G39: GSM | H39: Scheduled | I39: 46302 | K39: Pre-Prod | L39: Dev Team | Q39: =IF(OR(B39="",J39=""),"",IF(SUMPRODUCT((J39>=HolidayStart)*(J39<=HolidayEnd)*(HolidayStart<>""))>0,"Conflict: "&INDEX(HolidayName,SUMPRODUCT((J39>=HolidayStart)*(J39<=HolidayEnd)*(HolidayStart<>"")*ROW(HolidayStart))-ROW(INDEX(HolidayStart,1,1))+1),""))
A40: 36 | B40: DFS Lifecycle new columns addition | E40: Fawad Akhtar | F40: v4 | G40: DFS | H40: Scheduled | I40: 46307 | J40: 46307 | K40: Production | Q40: =IF(OR(B40="",J40=""),"",IF(SUMPRODUCT((J40>=HolidayStart)*(J40<=HolidayEnd)*(HolidayStart<>""))>0,"Conflict: "&INDEX(HolidayName,SUMPRODUCT((J40>=HolidayStart)*(J40<=HolidayEnd)*(HolidayStart<>"")*ROW(HolidayStart))-ROW(INDEX(HolidayStart,1,1))+1),""))
A41: 37 | B41: b2c sales hotfix | E41: Moeiz Bhatti | F41: v1 | G41: GSM | H41: Hotfix | I41: 46308 | J41: 46308 | K41: Production | L41: Dev Team | Q41: =IF(OR(B41="",J41=""),"",IF(SUMPRODUCT((J41>=HolidayStart)*(J41<=HolidayEnd)*(HolidayStart<>""))>0,"Conflict: "&INDEX(HolidayName,SUMPRODUCT((J41>=HolidayStart)*(J41<=HolidayEnd)*(HolidayStart<>"")*ROW(HolidayStart))-ROW(INDEX(HolidayStart,1,1))+1),""))
A42: 38 | Q42: =IF(OR(B42="",J42=""),"",IF(SUMPRODUCT((J42>=HolidayStart)*(J42<=HolidayEnd)*(HolidayStart<>""))>0,"Conflict: "&INDEX(HolidayName,SUMPRODUCT((J42>=HolidayStart)*(J42<=HolidayEnd)*(HolidayStart<>"")*ROW(HolidayStart))-ROW(INDEX(HolidayStart,1,1))+1),""))
A43: 39 | Q43: =IF(OR(B43="",J43=""),"",IF(SUMPRODUCT((J43>=HolidayStart)*(J43<=HolidayEnd)*(HolidayStart<>""))>0,"Conflict: "&INDEX(HolidayName,SUMPRODUCT((J43>=HolidayStart)*(J43<=HolidayEnd)*(HolidayStart<>"")*ROW(HolidayStart))-ROW(INDEX(HolidayStart,1,1))+1),""))
A44: 40 | Q44: =IF(OR(B44="",J44=""),"",IF(SUMPRODUCT((J44>=HolidayStart)*(J44<=HolidayEnd)*(HolidayStart<>""))>0,"Conflict: "&INDEX(HolidayName,SUMPRODUCT((J44>=HolidayStart)*(J44<=HolidayEnd)*(HolidayStart<>"")*ROW(HolidayStart))-ROW(INDEX(HolidayStart,1,1))+1),""))
A45: 41 | Q45: =IF(OR(B45="",J45=""),"",IF(SUMPRODUCT((J45>=HolidayStart)*(J45<=HolidayEnd)*(HolidayStart<>""))>0,"Conflict: "&INDEX(HolidayName,SUMPRODUCT((J45>=HolidayStart)*(J45<=HolidayEnd)*(HolidayStart<>"")*ROW(HolidayStart))-ROW(INDEX(HolidayStart,1,1))+1),""))
A46: 42 | Q46: =IF(OR(B46="",J46=""),"",IF(SUMPRODUCT((J46>=HolidayStart)*(J46<=HolidayEnd)*(HolidayStart<>""))>0,"Conflict: "&INDEX(HolidayName,SUMPRODUCT((J46>=HolidayStart)*(J46<=HolidayEnd)*(HolidayStart<>"")*ROW(HolidayStart))-ROW(INDEX(HolidayStart,1,1))+1),""))
A47: 43 | Q47: =IF(OR(B47="",J47=""),"",IF(SUMPRODUCT((J47>=HolidayStart)*(J47<=HolidayEnd)*(HolidayStart<>""))>0,"Conflict: "&INDEX(HolidayName,SUMPRODUCT((J47>=HolidayStart)*(J47<=HolidayEnd)*(HolidayStart<>"")*ROW(HolidayStart))-ROW(INDEX(HolidayStart,1,1))+1),""))
A48: 44 | Q48: =IF(OR(B48="",J48=""),"",IF(SUMPRODUCT((J48>=HolidayStart)*(J48<=HolidayEnd)*(HolidayStart<>""))>0,"Conflict: "&INDEX(HolidayName,SUMPRODUCT((J48>=HolidayStart)*(J48<=HolidayEnd)*(HolidayStart<>"")*ROW(HolidayStart))-ROW(INDEX(HolidayStart,1,1))+1),""))
A49: 45 | Q49: =IF(OR(B49="",J49=""),"",IF(SUMPRODUCT((J49>=HolidayStart)*(J49<=HolidayEnd)*(HolidayStart<>""))>0,"Conflict: "&INDEX(HolidayName,SUMPRODUCT((J49>=HolidayStart)*(J49<=HolidayEnd)*(HolidayStart<>"")*ROW(HolidayStart))-ROW(INDEX(HolidayStart,1,1))+1),""))
A50: 46 | Q50: =IF(OR(B50="",J50=""),"",IF(SUMPRODUCT((J50>=HolidayStart)*(J50<=HolidayEnd)*(HolidayStart<>""))>0,"Conflict: "&INDEX(HolidayName,SUMPRODUCT((J50>=HolidayStart)*(J50<=HolidayEnd)*(HolidayStart<>"")*ROW(HolidayStart))-ROW(INDEX(HolidayStart,1,1))+1),""))
A51: 47 | Q51: =IF(OR(B51="",J51=""),"",IF(SUMPRODUCT((J51>=HolidayStart)*(J51<=HolidayEnd)*(HolidayStart<>""))>0,"Conflict: "&INDEX(HolidayName,SUMPRODUCT((J51>=HolidayStart)*(J51<=HolidayEnd)*(HolidayStart<>"")*ROW(HolidayStart))-ROW(INDEX(HolidayStart,1,1))+1),""))
A52: 48 | Q52: =IF(OR(B52="",J52=""),"",IF(SUMPRODUCT((J52>=HolidayStart)*(J52<=HolidayEnd)*(HolidayStart<>""))>0,"Conflict: "&INDEX(HolidayName,SUMPRODUCT((J52>=HolidayStart)*(J52<=HolidayEnd)*(HolidayStart<>"")*ROW(HolidayStart))-ROW(INDEX(HolidayStart,1,1))+1),""))
A53: 49 | Q53: =IF(OR(B53="",J53=""),"",IF(SUMPRODUCT((J53>=HolidayStart)*(J53<=HolidayEnd)*(HolidayStart<>""))>0,"Conflict: "&INDEX(HolidayName,SUMPRODUCT((J53>=HolidayStart)*(J53<=HolidayEnd)*(HolidayStart<>"")*ROW(HolidayStart))-ROW(INDEX(HolidayStart,1,1))+1),""))
... A504: 500 | Q504: =IF(OR(B504="",J504=""),"",IF(SUMPRODUCT((J504>=HolidayStart)*(J504<=HolidayEnd)*(HolidayStart<>""))>0,"Conflict: "&INDEX(HolidayName,SUMPRODUCT((J504>=HolidayStart)*(J504<=HolidayEnd)*(HolidayStart<>"")*ROW(HolidayStart))-ROW(INDEX(HolidayStart,1,1))+1),""))

Sheet Calendar View
A1: TEKNOSYS · TELECOM DW | Release Timeline 2026
A2: Gantt bars run from Start Date to Target Deploy on the Release Calendar sheet · coloured by Status · highlighted column = current month
B3: Status key ▸ | E3: On Track | G3: At Risk | I3: Delayed | K3: Completed | M3: On Hold | O3: ★ this month
A4: # | B4: Release Name | C4: Current Stage | D4: Status | E4: Jan 2026 | F4: Feb 2026 | G4: Mar 2026 | H4: Apr 2026 | I4: May 2026 | J4: Jun 2026 | K4: Jul 2026 | L4: Aug 2026 | M4: Sep 2026 | N4: Oct 2026 | O4: Nov 2026 | P4: Dec 2026
A5: 1 | B5: =IF('Release Calendar'!B5<>"",'Release Calendar'!B5,"") -> BVS Sales Old Age flag Core | C5: =IF('Release Calendar'!K5<>"",'Release Calendar'!K5,"") -> Production | D5: =IF('Release Calendar'!M5<>"",'Release Calendar'!M5,"") -> Completed | E5: =IF(AND(Q5<>"",R5<>"",DATE(2026,2,0)>=Q5,DATE(2026,1,1)<=R5),"█","") | F5: =IF(AND(Q5<>"",R5<>"",DATE(2026,3,0)>=Q5,DATE(2026,2,1)<=R5),"█","") | G5: =IF(AND(Q5<>"",R5<>"",DATE(2026,4,0)>=Q5,DATE(2026,3,1)<=R5),"█","") | H5: =IF(AND(Q5<>"",R5<>"",DATE(2026,5,0)>=Q5,DATE(2026,4,1)<=R5),"█","") | I5: =IF(AND(Q5<>"",R5<>"",DATE(2026,6,0)>=Q5,DATE(2026,5,1)<=R5),"█","") | J5: =IF(AND(Q5<>"",R5<>"",DATE(2026,7,0)>=Q5,DATE(2026,6,1)<=R5),"█","") | K5: =IF(AND(Q5<>"",R5<>"",DATE(2026,8,0)>=Q5,DATE(2026,7,1)<=R5),"█","") | L5: =IF(AND(Q5<>"",R5<>"",DATE(2026,9,0)>=Q5,DATE(2026,8,1)<=R5),"█","") -> █ | M5: =IF(AND(Q5<>"",R5<>"",DATE(2026,10,0)>=Q5,DATE(2026,9,1)<=R5),"█","") | N5: =IF(AND(Q5<>"",R5<>"",DATE(2026,11,0)>=Q5,DATE(2026,10,1)<=R5),"█","") | O5: =IF(AND(Q5<>"",R5<>"",DATE(2026,12,0)>=Q5,DATE(2026,11,1)<=R5),"█","") | P5: =IF(AND(Q5<>"",R5<>"",DATE(2026,12,31)>=Q5,DATE(2026,12,1)<=R5),"█","") | Q5: =IF('Release Calendar'!I5<>"",'Release Calendar'!I5,"") -> 46238 | R5: =IF('Release Calendar'!J5<>"",'Release Calendar'!J5,"") -> 46246
A6: 2 | B6: =IF('Release Calendar'!B6<>"",'Release Calendar'!B6,"") -> OMNI API table export | C6: =IF('Release Calendar'!K6<>"",'Release Calendar'!K6,"") -> Production | D6: =IF('Release Calendar'!M6<>"",'Release Calendar'!M6,"") -> Completed | E6: =IF(AND(Q6<>"",R6<>"",DATE(2026,2,0)>=Q6,DATE(2026,1,1)<=R6),"█","") | F6: =IF(AND(Q6<>"",R6<>"",DATE(2026,3,0)>=Q6,DATE(2026,2,1)<=R6),"█","") | G6: =IF(AND(Q6<>"",R6<>"",DATE(2026,4,0)>=Q6,DATE(2026,3,1)<=R6),"█","") | H6: =IF(AND(Q6<>"",R6<>"",DATE(2026,5,0)>=Q6,DATE(2026,4,1)<=R6),"█","") | I6: =IF(AND(Q6<>"",R6<>"",DATE(2026,6,0)>=Q6,DATE(2026,5,1)<=R6),"█","") | J6: =IF(AND(Q6<>"",R6<>"",DATE(2026,7,0)>=Q6,DATE(2026,6,1)<=R6),"█","") | K6: =IF(AND(Q6<>"",R6<>"",DATE(2026,8,0)>=Q6,DATE(2026,7,1)<=R6),"█","") | L6: =IF(AND(Q6<>"",R6<>"",DATE(2026,9,0)>=Q6,DATE(2026,8,1)<=R6),"█","") -> █ | M6: =IF(AND(Q6<>"",R6<>"",DATE(2026,10,0)>=Q6,DATE(2026,9,1)<=R6),"█","") | N6: =IF(AND(Q6<>"",R6<>"",DATE(2026,11,0)>=Q6,DATE(2026,10,1)<=R6),"█","") | O6: =IF(AND(Q6<>"",R6<>"",DATE(2026,12,0)>=Q6,DATE(2026,11,1)<=R6),"█","") | P6: =IF(AND(Q6<>"",R6<>"",DATE(2026,12,31)>=Q6,DATE(2026,12,1)<=R6),"█","") | Q6: =IF('Release Calendar'!I6<>"",'Release Calendar'!I6,"") -> 46244 | R6: =IF('Release Calendar'!J6<>"",'Release Calendar'!J6,"") -> 46246
A7: 3 | B7: =IF('Release Calendar'!B7<>"",'Release Calendar'!B7,"") -> Multiplay 90 Days (Pre and Post) | C7: =IF('Release Calendar'!K7<>"",'Release Calendar'!K7,"") -> Production | D7: =IF('Release Calendar'!M7<>"",'Release Calendar'!M7,"") -> Completed | E7: =IF(AND(Q7<>"",R7<>"",DATE(2026,2,0)>=Q7,DATE(2026,1,1)<=R7),"█","") | F7: =IF(AND(Q7<>"",R7<>"",DATE(2026,3,0)>=Q7,DATE(2026,2,1)<=R7),"█","") | G7: =IF(AND(Q7<>"",R7<>"",DATE(2026,4,0)>=Q7,DATE(2026,3,1)<=R7),"█","") | H7: =IF(AND(Q7<>"",R7<>"",DATE(2026,5,0)>=Q7,DATE(2026,4,1)<=R7),"█","") | I7: =IF(AND(Q7<>"",R7<>"",DATE(2026,6,0)>=Q7,DATE(2026,5,1)<=R7),"█","") | J7: =IF(AND(Q7<>"",R7<>"",DATE(2026,7,0)>=Q7,DATE(2026,6,1)<=R7),"█","") | K7: =IF(AND(Q7<>"",R7<>"",DATE(2026,8,0)>=Q7,DATE(2026,7,1)<=R7),"█","") | L7: =IF(AND(Q7<>"",R7<>"",DATE(2026,9,0)>=Q7,DATE(2026,8,1)<=R7),"█","") -> █ | M7: =IF(AND(Q7<>"",R7<>"",DATE(2026,10,0)>=Q7,DATE(2026,9,1)<=R7),"█","") | N7: =IF(AND(Q7<>"",R7<>"",DATE(2026,11,0)>=Q7,DATE(2026,10,1)<=R7),"█","") | O7: =IF(AND(Q7<>"",R7<>"",DATE(2026,12,0)>=Q7,DATE(2026,11,1)<=R7),"█","") | P7: =IF(AND(Q7<>"",R7<>"",DATE(2026,12,31)>=Q7,DATE(2026,12,1)<=R7),"█","") | Q7: =IF('Release Calendar'!I7<>"",'Release Calendar'!I7,"") -> 46237 | R7: =IF('Release Calendar'!J7<>"",'Release Calendar'!J7,"") -> 46252
A8: 4 | B8: =IF('Release Calendar'!B8<>"",'Release Calendar'!B8,"") -> Addition in Universal Charging Base | C8: =IF('Release Calendar'!K8<>"",'Release Calendar'!K8,"") -> Production | D8: =IF('Release Calendar'!M8<>"",'Release Calendar'!M8,"") -> Completed | E8: =IF(AND(Q8<>"",R8<>"",DATE(2026,2,0)>=Q8,DATE(2026,1,1)<=R8),"█","") | F8: =IF(AND(Q8<>"",R8<>"",DATE(2026,3,0)>=Q8,DATE(2026,2,1)<=R8),"█","") | G8: =IF(AND(Q8<>"",R8<>"",DATE(2026,4,0)>=Q8,DATE(2026,3,1)<=R8),"█","") | H8: =IF(AND(Q8<>"",R8<>"",DATE(2026,5,0)>=Q8,DATE(2026,4,1)<=R8),"█","") | I8: =IF(AND(Q8<>"",R8<>"",DATE(2026,6,0)>=Q8,DATE(2026,5,1)<=R8),"█","") | J8: =IF(AND(Q8<>"",R8<>"",DATE(2026,7,0)>=Q8,DATE(2026,6,1)<=R8),"█","") | K8: =IF(AND(Q8<>"",R8<>"",DATE(2026,8,0)>=Q8,DATE(2026,7,1)<=R8),"█","") | L8: =IF(AND(Q8<>"",R8<>"",DATE(2026,9,0)>=Q8,DATE(2026,8,1)<=R8),"█","") -> █ | M8: =IF(AND(Q8<>"",R8<>"",DATE(2026,10,0)>=Q8,DATE(2026,9,1)<=R8),"█","") | N8: =IF(AND(Q8<>"",R8<>"",DATE(2026,11,0)>=Q8,DATE(2026,10,1)<=R8),"█","") | O8: =IF(AND(Q8<>"",R8<>"",DATE(2026,12,0)>=Q8,DATE(2026,11,1)<=R8),"█","") | P8: =IF(AND(Q8<>"",R8<>"",DATE(2026,12,31)>=Q8,DATE(2026,12,1)<=R8),"█","") | Q8: =IF('Release Calendar'!I8<>"",'Release Calendar'!I8,"") -> 46251 | R8: =IF('Release Calendar'!J8<>"",'Release Calendar'!J8,"") -> 46253
A9: 5 | B9: =IF('Release Calendar'!B9<>"",'Release Calendar'!B9,"") -> postpaid lifecycle hotfix | C9: =IF('Release Calendar'!K9<>"",'Release Calendar'!K9,"") -> Production | D9: =IF('Release Calendar'!M9<>"",'Release Calendar'!M9,"") -> Completed | E9: =IF(AND(Q9<>"",R9<>"",DATE(2026,2,0)>=Q9,DATE(2026,1,1)<=R9),"█","") | F9: =IF(AND(Q9<>"",R9<>"",DATE(2026,3,0)>=Q9,DATE(2026,2,1)<=R9),"█","") | G9: =IF(AND(Q9<>"",R9<>"",DATE(2026,4,0)>=Q9,DATE(2026,3,1)<=R9),"█","") | H9: =IF(AND(Q9<>"",R9<>"",DATE(2026,5,0)>=Q9,DATE(2026,4,1)<=R9),"█","") | I9: =IF(AND(Q9<>"",R9<>"",DATE(2026,6,0)>=Q9,DATE(2026,5,1)<=R9),"█","") | J9: =IF(AND(Q9<>"",R9<>"",DATE(2026,7,0)>=Q9,DATE(2026,6,1)<=R9),"█","") | K9: =IF(AND(Q9<>"",R9<>"",DATE(2026,8,0)>=Q9,DATE(2026,7,1)<=R9),"█","") | L9: =IF(AND(Q9<>"",R9<>"",DATE(2026,9,0)>=Q9,DATE(2026,8,1)<=R9),"█","") -> █ | M9: =IF(AND(Q9<>"",R9<>"",DATE(2026,10,0)>=Q9,DATE(2026,9,1)<=R9),"█","") | N9: =IF(AND(Q9<>"",R9<>"",DATE(2026,11,0)>=Q9,DATE(2026,10,1)<=R9),"█","") | O9: =IF(AND(Q9<>"",R9<>"",DATE(2026,12,0)>=Q9,DATE(2026,11,1)<=R9),"█","") | P9: =IF(AND(Q9<>"",R9<>"",DATE(2026,12,31)>=Q9,DATE(2026,12,1)<=R9),"█","") | Q9: =IF('Release Calendar'!I9<>"",'Release Calendar'!I9,"") -> 46251 | R9: =IF('Release Calendar'!J9<>"",'Release Calendar'!J9,"") -> 46251
A10: 6 | B10: =IF('Release Calendar'!B10<>"",'Release Calendar'!B10,"") -> BVS Sales Old Age flag Semantic | C10: =IF('Release Calendar'!K10<>"",'Release Calendar'!K10,"") -> Production | D10: =IF('Release Calendar'!M10<>"",'Release Calendar'!M10,"") -> Completed | E10: =IF(AND(Q10<>"",R10<>"",DATE(2026,2,0)>=Q10,DATE(2026,1,1)<=R10),"█","") | F10: =IF(AND(Q10<>"",R10<>"",DATE(2026,3,0)>=Q10,DATE(2026,2,1)<=R10),"█","") | G10: =IF(AND(Q10<>"",R10<>"",DATE(2026,4,0)>=Q10,DATE(2026,3,1)<=R10),"█","") | H10: =IF(AND(Q10<>"",R10<>"",DATE(2026,5,0)>=Q10,DATE(2026,4,1)<=R10),"█","") | I10: =IF(AND(Q10<>"",R10<>"",DATE(2026,6,0)>=Q10,DATE(2026,5,1)<=R10),"█","") | J10: =IF(AND(Q10<>"",R10<>"",DATE(2026,7,0)>=Q10,DATE(2026,6,1)<=R10),"█","") | K10: =IF(AND(Q10<>"",R10<>"",DATE(2026,8,0)>=Q10,DATE(2026,7,1)<=R10),"█","") | L10: =IF(AND(Q10<>"",R10<>"",DATE(2026,9,0)>=Q10,DATE(2026,8,1)<=R10),"█","") -> █ | M10: =IF(AND(Q10<>"",R10<>"",DATE(2026,10,0)>=Q10,DATE(2026,9,1)<=R10),"█","") | N10: =IF(AND(Q10<>"",R10<>"",DATE(2026,11,0)>=Q10,DATE(2026,10,1)<=R10),"█","") | O10: =IF(AND(Q10<>"",R10<>"",DATE(2026,12,0)>=Q10,DATE(2026,11,1)<=R10),"█","") | P10: =IF(AND(Q10<>"",R10<>"",DATE(2026,12,31)>=Q10,DATE(2026,12,1)<=R10),"█","") | Q10: =IF('Release Calendar'!I10<>"",'Release Calendar'!I10,"") -> 46246 | R10: =IF('Release Calendar'!J10<>"",'Release Calendar'!J10,"") -> 46253
A11: 7 | B11: =IF('Release Calendar'!B11<>"",'Release Calendar'!B11,"") -> UCIP_LKP update | C11: =IF('Release Calendar'!K11<>"",'Release Calendar'!K11,"") -> Production | D11: =IF('Release Calendar'!M11<>"",'Release Calendar'!M11,"") -> Completed | E11: =IF(AND(Q11<>"",R11<>"",DATE(2026,2,0)>=Q11,DATE(2026,1,1)<=R11),"█","") | F11: =IF(AND(Q11<>"",R11<>"",DATE(2026,3,0)>=Q11,DATE(2026,2,1)<=R11),"█","") | G11: =IF(AND(Q11<>"",R11<>"",DATE(2026,4,0)>=Q11,DATE(2026,3,1)<=R11),"█","") | H11: =IF(AND(Q11<>"",R11<>"",DATE(2026,5,0)>=Q11,DATE(2026,4,1)<=R11),"█","") | I11: =IF(AND(Q11<>"",R11<>"",DATE(2026,6,0)>=Q11,DATE(2026,5,1)<=R11),"█","") | J11: =IF(AND(Q11<>"",R11<>"",DATE(2026,7,0)>=Q11,DATE(2026,6,1)<=R11),"█","") | K11: =IF(AND(Q11<>"",R11<>"",DATE(2026,8,0)>=Q11,DATE(2026,7,1)<=R11),"█","") | L11: =IF(AND(Q11<>"",R11<>"",DATE(2026,9,0)>=Q11,DATE(2026,8,1)<=R11),"█","") -> █ | M11: =IF(AND(Q11<>"",R11<>"",DATE(2026,10,0)>=Q11,DATE(2026,9,1)<=R11),"█","") | N11: =IF(AND(Q11<>"",R11<>"",DATE(2026,11,0)>=Q11,DATE(2026,10,1)<=R11),"█","") | O11: =IF(AND(Q11<>"",R11<>"",DATE(2026,12,0)>=Q11,DATE(2026,11,1)<=R11),"█","") | P11: =IF(AND(Q11<>"",R11<>"",DATE(2026,12,31)>=Q11,DATE(2026,12,1)<=R11),"█","") | Q11: =IF('Release Calendar'!I11<>"",'Release Calendar'!I11,"") -> 46252 | R11: =IF('Release Calendar'!J11<>"",'Release Calendar'!J11,"") -> 46253
A12: 8 | B12: =IF('Release Calendar'!B12<>"",'Release Calendar'!B12,"") -> Daily Kpi Report - Addition of KPIs | C12: =IF('Release Calendar'!K12<>"",'Release Calendar'!K12,"") -> Production | D12: =IF('Release Calendar'!M12<>"",'Release Calendar'!M12,"") -> Completed | E12: =IF(AND(Q12<>"",R12<>"",DATE(2026,2,0)>=Q12,DATE(2026,1,1)<=R12),"█","") | F12: =IF(AND(Q12<>"",R12<>"",DATE(2026,3,0)>=Q12,DATE(2026,2,1)<=R12),"█","") | G12: =IF(AND(Q12<>"",R12<>"",DATE(2026,4,0)>=Q12,DATE(2026,3,1)<=R12),"█","") | H12: =IF(AND(Q12<>"",R12<>"",DATE(2026,5,0)>=Q12,DATE(2026,4,1)<=R12),"█","") | I12: =IF(AND(Q12<>"",R12<>"",DATE(2026,6,0)>=Q12,DATE(2026,5,1)<=R12),"█","") | J12: =IF(AND(Q12<>"",R12<>"",DATE(2026,7,0)>=Q12,DATE(2026,6,1)<=R12),"█","") | K12: =IF(AND(Q12<>"",R12<>"",DATE(2026,8,0)>=Q12,DATE(2026,7,1)<=R12),"█","") | L12: =IF(AND(Q12<>"",R12<>"",DATE(2026,9,0)>=Q12,DATE(2026,8,1)<=R12),"█","") | M12: =IF(AND(Q12<>"",R12<>"",DATE(2026,10,0)>=Q12,DATE(2026,9,1)<=R12),"█","") -> █ | N12: =IF(AND(Q12<>"",R12<>"",DATE(2026,11,0)>=Q12,DATE(2026,10,1)<=R12),"█","") | O12: =IF(AND(Q12<>"",R12<>"",DATE(2026,12,0)>=Q12,DATE(2026,11,1)<=R12),"█","") | P12: =IF(AND(Q12<>"",R12<>"",DATE(2026,12,31)>=Q12,DATE(2026,12,1)<=R12),"█","") | Q12: =IF('Release Calendar'!I12<>"",'Release Calendar'!I12,"") -> 46267 | R12: =IF('Release Calendar'!J12<>"",'Release Calendar'!J12,"") -> 46267
A13: 9 | B13: =IF('Release Calendar'!B13<>"",'Release Calendar'!B13,"") -> Reward Hub Ceo Category | C13: =IF('Release Calendar'!K13<>"",'Release Calendar'!K13,"") -> Production | D13: =IF('Release Calendar'!M13<>"",'Release Calendar'!M13,"") -> Completed | E13: =IF(AND(Q13<>"",R13<>"",DATE(2026,2,0)>=Q13,DATE(2026,1,1)<=R13),"█","") | F13: =IF(AND(Q13<>"",R13<>"",DATE(2026,3,0)>=Q13,DATE(2026,2,1)<=R13),"█","") | G13: =IF(AND(Q13<>"",R13<>"",DATE(2026,4,0)>=Q13,DATE(2026,3,1)<=R13),"█","") | H13: =IF(AND(Q13<>"",R13<>"",DATE(2026,5,0)>=Q13,DATE(2026,4,1)<=R13),"█","") | I13: =IF(AND(Q13<>"",R13<>"",DATE(2026,6,0)>=Q13,DATE(2026,5,1)<=R13),"█","") | J13: =IF(AND(Q13<>"",R13<>"",DATE(2026,7,0)>=Q13,DATE(2026,6,1)<=R13),"█","") | K13: =IF(AND(Q13<>"",R13<>"",DATE(2026,8,0)>=Q13,DATE(2026,7,1)<=R13),"█","") | L13: =IF(AND(Q13<>"",R13<>"",DATE(2026,9,0)>=Q13,DATE(2026,8,1)<=R13),"█","") | M13: =IF(AND(Q13<>"",R13<>"",DATE(2026,10,0)>=Q13,DATE(2026,9,1)<=R13),"█","") -> █ | N13: =IF(AND(Q13<>"",R13<>"",DATE(2026,11,0)>=Q13,DATE(2026,10,1)<=R13),"█","") | O13: =IF(AND(Q13<>"",R13<>"",DATE(2026,12,0)>=Q13,DATE(2026,11,1)<=R13),"█","") | P13: =IF(AND(Q13<>"",R13<>"",DATE(2026,12,31)>=Q13,DATE(2026,12,1)<=R13),"█","") | Q13: =IF('Release Calendar'!I13<>"",'Release Calendar'!I13,"") -> 46266 | R13: =IF('Release Calendar'!J13<>"",'Release Calendar'!J13,"") -> 46269
A14: 10 | B14: =IF('Release Calendar'!B14<>"",'Release Calendar'!B14,"") -> Daily KPI Report- Addition of App Kpis | C14: =IF('Release Calendar'!K14<>"",'Release Calendar'!K14,"") -> Completed | D14: =IF('Release Calendar'!M14<>"",'Release Calendar'!M14,"") -> Completed | E14: =IF(AND(Q14<>"",R14<>"",DATE(2026,2,0)>=Q14,DATE(2026,1,1)<=R14),"█","") | F14: =IF(AND(Q14<>"",R14<>"",DATE(2026,3,0)>=Q14,DATE(2026,2,1)<=R14),"█","") | G14: =IF(AND(Q14<>"",R14<>"",DATE(2026,4,0)>=Q14,DATE(2026,3,1)<=R14),"█","") | H14: =IF(AND(Q14<>"",R14<>"",DATE(2026,5,0)>=Q14,DATE(2026,4,1)<=R14),"█","") | I14: =IF(AND(Q14<>"",R14<>"",DATE(2026,6,0)>=Q14,DATE(2026,5,1)<=R14),"█","") | J14: =IF(AND(Q14<>"",R14<>"",DATE(2026,7,0)>=Q14,DATE(2026,6,1)<=R14),"█","") | K14: =IF(AND(Q14<>"",R14<>"",DATE(2026,8,0)>=Q14,DATE(2026,7,1)<=R14),"█","") | L14: =IF(AND(Q14<>"",R14<>"",DATE(2026,9,0)>=Q14,DATE(2026,8,1)<=R14),"█","") | M14: =IF(AND(Q14<>"",R14<>"",DATE(2026,10,0)>=Q14,DATE(2026,9,1)<=R14),"█","") -> █ | N14: =IF(AND(Q14<>"",R14<>"",DATE(2026,11,0)>=Q14,DATE(2026,10,1)<=R14),"█","") | O14: =IF(AND(Q14<>"",R14<>"",DATE(2026,12,0)>=Q14,DATE(2026,11,1)<=R14),"█","") | P14: =IF(AND(Q14<>"",R14<>"",DATE(2026,12,31)>=Q14,DATE(2026,12,1)<=R14),"█","") | Q14: =IF('Release Calendar'!I14<>"",'Release Calendar'!I14,"") -> 46274 | R14: =IF('Release Calendar'!J14<>"",'Release Calendar'!J14,"") -> 46274
A15: 11 | B15: =IF('Release Calendar'!B15<>"",'Release Calendar'!B15,"") -> Postpaid lifecycle DDLS fix | C15: =IF('Release Calendar'!K15<>"",'Release Calendar'!K15,"") -> Production | D15: =IF('Release Calendar'!M15<>"",'Release Calendar'!M15,"") -> Completed | E15: =IF(AND(Q15<>"",R15<>"",DATE(2026,2,0)>=Q15,DATE(2026,1,1)<=R15),"█","") | F15: =IF(AND(Q15<>"",R15<>"",DATE(2026,3,0)>=Q15,DATE(2026,2,1)<=R15),"█","") | G15: =IF(AND(Q15<>"",R15<>"",DATE(2026,4,0)>=Q15,DATE(2026,3,1)<=R15),"█","") | H15: =IF(AND(Q15<>"",R15<>"",DATE(2026,5,0)>=Q15,DATE(2026,4,1)<=R15),"█","") | I15: =IF(AND(Q15<>"",R15<>"",DATE(2026,6,0)>=Q15,DATE(2026,5,1)<=R15),"█","") | J15: =IF(AND(Q15<>"",R15<>"",DATE(2026,7,0)>=Q15,DATE(2026,6,1)<=R15),"█","") | K15: =IF(AND(Q15<>"",R15<>"",DATE(2026,8,0)>=Q15,DATE(2026,7,1)<=R15),"█","") | L15: =IF(AND(Q15<>"",R15<>"",DATE(2026,9,0)>=Q15,DATE(2026,8,1)<=R15),"█","") | M15: =IF(AND(Q15<>"",R15<>"",DATE(2026,10,0)>=Q15,DATE(2026,9,1)<=R15),"█","") -> █ | N15: =IF(AND(Q15<>"",R15<>"",DATE(2026,11,0)>=Q15,DATE(2026,10,1)<=R15),"█","") | O15: =IF(AND(Q15<>"",R15<>"",DATE(2026,12,0)>=Q15,DATE(2026,11,1)<=R15),"█","") | P15: =IF(AND(Q15<>"",R15<>"",DATE(2026,12,31)>=Q15,DATE(2026,12,1)<=R15),"█","") | Q15: =IF('Release Calendar'!I15<>"",'Release Calendar'!I15,"") -> 46274 | R15: =IF('Release Calendar'!J15<>"",'Release Calendar'!J15,"") -> 46274
A16: 12 | B16: =IF('Release Calendar'!B16<>"",'Release Calendar'!B16,"") -> Jazz Advance TPT Update | C16: =IF('Release Calendar'!K16<>"",'Release Calendar'!K16,"") -> Completed | D16: =IF('Release Calendar'!M16<>"",'Release Calendar'!M16,"") -> Completed | E16: =IF(AND(Q16<>"",R16<>"",DATE(2026,2,0)>=Q16,DATE(2026,1,1)<=R16),"█","") | F16: =IF(AND(Q16<>"",R16<>"",DATE(2026,3,0)>=Q16,DATE(2026,2,1)<=R16),"█","") | G16: =IF(AND(Q16<>"",R16<>"",DATE(2026,4,0)>=Q16,DATE(2026,3,1)<=R16),"█","") | H16: =IF(AND(Q16<>"",R16<>"",DATE(2026,5,0)>=Q16,DATE(2026,4,1)<=R16),"█","") | I16: =IF(AND(Q16<>"",R16<>"",DATE(2026,6,0)>=Q16,DATE(2026,5,1)<=R16),"█","") | J16: =IF(AND(Q16<>"",R16<>"",DATE(2026,7,0)>=Q16,DATE(2026,6,1)<=R16),"█","") | K16: =IF(AND(Q16<>"",R16<>"",DATE(2026,8,0)>=Q16,DATE(2026,7,1)<=R16),"█","") | L16: =IF(AND(Q16<>"",R16<>"",DATE(2026,9,0)>=Q16,DATE(2026,8,1)<=R16),"█","") -> █ | M16: =IF(AND(Q16<>"",R16<>"",DATE(2026,10,0)>=Q16,DATE(2026,9,1)<=R16),"█","") | N16: =IF(AND(Q16<>"",R16<>"",DATE(2026,11,0)>=Q16,DATE(2026,10,1)<=R16),"█","") | O16: =IF(AND(Q16<>"",R16<>"",DATE(2026,12,0)>=Q16,DATE(2026,11,1)<=R16),"█","") | P16: =IF(AND(Q16<>"",R16<>"",DATE(2026,12,31)>=Q16,DATE(2026,12,1)<=R16),"█","") | Q16: =IF('Release Calendar'!I16<>"",'Release Calendar'!I16,"") -> 46265 | R16: =IF('Release Calendar'!J16<>"",'Release Calendar'!J16,"") -> 46265
... A504: 500 | B504: =IF('Release Calendar'!B504<>"",'Release Calendar'!B504,"") | C504: =IF('Release Calendar'!K504<>"",'Release Calendar'!K504,"") | D504: =IF('Release Calendar'!M504<>"",'Release Calendar'!M504,"") | E504: =IF(AND(Q504<>"",R504<>"",DATE(2026,2,0)>=Q504,DATE(2026,1,1)<=R504),"█","") | F504: =IF(AND(Q504<>"",R504<>"",DATE(2026,3,0)>=Q504,DATE(2026,2,1)<=R504),"█","") | G504: =IF(AND(Q504<>"",R504<>"",DATE(2026,4,0)>=Q504,DATE(2026,3,1)<=R504),"█","") | H504: =IF(AND(Q504<>"",R504<>"",DATE(2026,5,0)>=Q504,DATE(2026,4,1)<=R504),"█","") | I504: =IF(AND(Q504<>"",R504<>"",DATE(2026,6,0)>=Q504,DATE(2026,5,1)<=R504),"█","") | J504: =IF(AND(Q504<>"",R504<>"",DATE(2026,7,0)>=Q504,DATE(2026,6,1)<=R504),"█","") | K504: =IF(AND(Q504<>"",R504<>"",DATE(2026,8,0)>=Q504,DATE(2026,7,1)<=R504),"█","") | L504: =IF(AND(Q504<>"",R504<>"",DATE(2026,9,0)>=Q504,DATE(2026,8,1)<=R504),"█","") | M504: =IF(AND(Q504<>"",R504<>"",DATE(2026,10,0)>=Q504,DATE(2026,9,1)<=R504),"█","") | N504: =IF(AND(Q504<>"",R504<>"",DATE(2026,11,0)>=Q504,DATE(2026,10,1)<=R504),"█","") | O504: =IF(AND(Q504<>"",R504<>"",DATE(2026,12,0)>=Q504,DATE(2026,11,1)<=R504),"█","") | P504: =IF(AND(Q504<>"",R504<>"",DATE(2026,12,31)>=Q504,DATE(2026,12,1)<=R504),"█","") | Q504: =IF('Release Calendar'!I504<>"",'Release Calendar'!I504,"") | R504: =IF('Release Calendar'!J504<>"",'Release Calendar'!J504,"")
A506: =" ★ Highlighted column = current month ("&TEXT(TODAY(),"mmm yyyy")&") | Gantt bars auto-update from Release Calendar dates" -> ★ Highlighted column = current month (Oct 2026) | Gantt bars auto-update from Release Calendar dates
A508: LEGEND
A509: █ On Track — on schedule | F509: █ At Risk — delays possible | K509: █ Delayed — behind schedule
A510: █ Completed — deployed | F510: █ On Hold — paused | K510: =" ★ Current month ("&TEXT(TODAY(),"mmm yyyy")&")" -> ★ Current month (Oct 2026)

Sheet Monthly Calendar
A1: TEKNOSYS · TELECOM DW | Monthly Release Calendar
A3: Jira-style month view · chips are pulled live from the Release Calendar sheet (Start / Target Deploy)
A4: Month: | B4: =MONTH(TODAY()) -> 10 | C4: Year: | D4: =YEAR(TODAY()) -> 2026 | E4: =TEXT(DATE($D$4,$B$4,1),"mmmm yyyy") -> October 2026 | I4: =DATE($D$4,$B$4,1) -> 46296 | J4: =WEEKDAY(I4,1) -> 5 | K4: =DAY(EOMONTH(I4,0)) -> 31
A5: SUN | B5: MON | C5: TUE | D5: WED | E5: THU | F5: FRI | G5: SAT
A6: =IF(AND((0*7+0-($J$4-1)+1)>=1,(0*7+0-($J$4-1)+1)<=$K$4),$I$4+(0*7+0-($J$4-1)+1)-1,"") | B6: =IF(AND((0*7+1-($J$4-1)+1)>=1,(0*7+1-($J$4-1)+1)<=$K$4),$I$4+(0*7+1-($J$4-1)+1)-1,"") | C6: =IF(AND((0*7+2-($J$4-1)+1)>=1,(0*7+2-($J$4-1)+1)<=$K$4),$I$4+(0*7+2-($J$4-1)+1)-1,"") | D6: =IF(AND((0*7+3-($J$4-1)+1)>=1,(0*7+3-($J$4-1)+1)<=$K$4),$I$4+(0*7+3-($J$4-1)+1)-1,"") | E6: =IF(AND((0*7+4-($J$4-1)+1)>=1,(0*7+4-($J$4-1)+1)<=$K$4),$I$4+(0*7+4-($J$4-1)+1)-1,"") -> 46296 | F6: =IF(AND((0*7+5-($J$4-1)+1)>=1,(0*7+5-($J$4-1)+1)<=$K$4),$I$4+(0*7+5-($J$4-1)+1)-1,"") -> 46297 | G6: =IF(AND((0*7+6-($J$4-1)+1)>=1,(0*7+6-($J$4-1)+1)<=$K$4),$I$4+(0*7+6-($J$4-1)+1)-1,"") -> 46298
A7: =IF(A6="","",IFERROR("● "&INDEX('Release Calendar'!$B$5:$B$504,MATCH(A6,'Release Calendar'!$I$5:$I$504,0))&" · Start ","")&IFERROR("● "&INDEX('Release Calendar'!$B$5:$B$504,MATCH(A6,'Release Calendar'!$J$5:$J$504,0))&" · Target ","")) | B7: =IF(B6="","",IFERROR("● "&INDEX('Release Calendar'!$B$5:$B$504,MATCH(B6,'Release Calendar'!$I$5:$I$504,0))&" · Start ","")&IFERROR("● "&INDEX('Release Calendar'!$B$5:$B$504,MATCH(B6,'Release Calendar'!$J$5:$J$504,0))&" · Target ","")) | C7: =IF(C6="","",IFERROR("● "&INDEX('Release Calendar'!$B$5:$B$504,MATCH(C6,'Release Calendar'!$I$5:$I$504,0))&" · Start ","")&IFERROR("● "&INDEX('Release Calendar'!$B$5:$B$504,MATCH(C6,'Release Calendar'!$J$5:$J$504,0))&" · Target ","")) | D7: =IF(D6="","",IFERROR("● "&INDEX('Release Calendar'!$B$5:$B$504,MATCH(D6,'Release Calendar'!$I$5:$I$504,0))&" · Start ","")&IFERROR("● "&INDEX('Release Calendar'!$B$5:$B$504,MATCH(D6,'Release Calendar'!$J$5:$J$504,0))&" · Target ","")) | E7: =IF(E6="","",IFERROR("● "&INDEX('Release Calendar'!$B$5:$B$504,MATCH(E6,'Release Calendar'!$I$5:$I$504,0))&" · Start ","")&IFERROR("● "&INDEX('Release Calendar'!$B$5:$B$504,MATCH(E6,'Release Calendar'!$J$5:$J$504,0))&" · Target ","")) | F7: =IF(F6="","",IFERROR("● "&INDEX('Release Calendar'!$B$5:$B$504,MATCH(F6,'Release Calendar'!$I$5:$I$504,0))&" · Start ","")&IFERROR("● "&INDEX('Release Calendar'!$B$5:$B$504,MATCH(F6,'Release Calendar'!$J$5:$J$504,0))&" · Target ","")) | G7: =IF(G6="","",IFERROR("● "&INDEX('Release Calendar'!$B$5:$B$504,MATCH(G6,'Release Calendar'!$I$5:$I$504,0))&" · Start ","")&IFERROR("● "&INDEX('Release Calendar'!$B$5:$B$504,MATCH(G6,'Release Calendar'!$J$5:$J$504,0))&" · Target ",""))
A8: =IF(AND((1*7+0-($J$4-1)+1)>=1,(1*7+0-($J$4-1)+1)<=$K$4),$I$4+(1*7+0-($J$4-1)+1)-1,"") -> 46299 | B8: =IF(AND((1*7+1-($J$4-1)+1)>=1,(1*7+1-($J$4-1)+1)<=$K$4),$I$4+(1*7+1-($J$4-1)+1)-1,"") -> 46300 | C8: =IF(AND((1*7+2-($J$4-1)+1)>=1,(1*7+2-($J$4-1)+1)<=$K$4),$I$4+(1*7+2-($J$4-1)+1)-1,"") -> 46301 | D8: =IF(AND((1*7+3-($J$4-1)+1)>=1,(1*7+3-($J$4-1)+1)<=$K$4),$I$4+(1*7+3-($J$4-1)+1)-1,"") -> 46302 | E8: =IF(AND((1*7+4-($J$4-1)+1)>=1,(1*7+4-($J$4-1)+1)<=$K$4),$I$4+(1*7+4-($J$4-1)+1)-1,"") -> 46303 | F8: =IF(AND((1*7+5-($J$4-1)+1)>=1,(1*7+5-($J$4-1)+1)<=$K$4),$I$4+(1*7+5-($J$4-1)+1)-1,"") -> 46304 | G8: =IF(AND((1*7+6-($J$4-1)+1)>=1,(1*7+6-($J$4-1)+1)<=$K$4),$I$4+(1*7+6-($J$4-1)+1)-1,"") -> 46305
A9: =IF(A8="","",IFERROR("● "&INDEX('Release Calendar'!$B$5:$B$504,MATCH(A8,'Release Calendar'!$I$5:$I$504,0))&" · Start ","")&IFERROR("● "&INDEX('Release Calendar'!$B$5:$B$504,MATCH(A8,'Release Calendar'!$J$5:$J$504,0))&" · Target ","")) | B9: =IF(B8="","",IFERROR("● "&INDEX('Release Calendar'!$B$5:$B$504,MATCH(B8,'Release Calendar'!$I$5:$I$504,0))&" · Start ","")&IFERROR("● "&INDEX('Release Calendar'!$B$5:$B$504,MATCH(B8,'Release Calendar'!$J$5:$J$504,0))&" · Target ","")) | C9: =IF(C8="","",IFERROR("● "&INDEX('Release Calendar'!$B$5:$B$504,MATCH(C8,'Release Calendar'!$I$5:$I$504,0))&" · Start ","")&IFERROR("● "&INDEX('Release Calendar'!$B$5:$B$504,MATCH(C8,'Release Calendar'!$J$5:$J$504,0))&" · Target ","")) | D9: =IF(D8="","",IFERROR("● "&INDEX('Release Calendar'!$B$5:$B$504,MATCH(D8,'Release Calendar'!$I$5:$I$504,0))&" · Start ","")&IFERROR("● "&INDEX('Release Calendar'!$B$5:$B$504,MATCH(D8,'Release Calendar'!$J$5:$J$504,0))&" · Target ","")) -> ● Tamasha IP list update · Start ● Tamasha IP list update · Target | E9: =IF(E8="","",IFERROR("● "&INDEX('Release Calendar'!$B$5:$B$504,MATCH(E8,'Release Calendar'!$I$5:$I$504,0))&" · Start ","")&IFERROR("● "&INDEX('Release Calendar'!$B$5:$B$504,MATCH(E8,'Release Calendar'!$J$5:$J$504,0))&" · Target ","")) | F9: =IF(F8="","",IFERROR("● "&INDEX('Release Calendar'!$B$5:$B$504,MATCH(F8,'Release Calendar'!$I$5:$I$504,0))&" · Start ","")&IFERROR("● "&INDEX('Release Calendar'!$B$5:$B$504,MATCH(F8,'Release Calendar'!$J$5:$J$504,0))&" · Target ","")) | G9: =IF(G8="","",IFERROR("● "&INDEX('Release Calendar'!$B$5:$B$504,MATCH(G8,'Release Calendar'!$I$5:$I$504,0))&" · Start ","")&IFERROR("● "&INDEX('Release Calendar'!$B$5:$B$504,MATCH(G8,'Release Calendar'!$J$5:$J$504,0))&" · Target ",""))
A10: =IF(AND((2*7+0-($J$4-1)+1)>=1,(2*7+0-($J$4-1)+1)<=$K$4),$I$4+(2*7+0-($J$4-1)+1)-1,"") -> 46306 | B10: =IF(AND((2*7+1-($J$4-1)+1)>=1,(2*7+1-($J$4-1)+1)<=$K$4),$I$4+(2*7+1-($J$4-1)+1)-1,"") -> 46307 | C10: =IF(AND((2*7+2-($J$4-1)+1)>=1,(2*7+2-($J$4-1)+1)<=$K$4),$I$4+(2*7+2-($J$4-1)+1)-1,"") -> 46308 | D10: =IF(AND((2*7+3-($J$4-1)+1)>=1,(2*7+3-($J$4-1)+1)<=$K$4),$I$4+(2*7+3-($J$4-1)+1)-1,"") -> 46309 | E10: =IF(AND((2*7+4-($J$4-1)+1)>=1,(2*7+4-($J$4-1)+1)<=$K$4),$I$4+(2*7+4-($J$4-1)+1)-1,"") -> 46310 | F10: =IF(AND((2*7+5-($J$4-1)+1)>=1,(2*7+5-($J$4-1)+1)<=$K$4),$I$4+(2*7+5-($J$4-1)+1)-1,"") -> 46311 | G10: =IF(AND((2*7+6-($J$4-1)+1)>=1,(2*7+6-($J$4-1)+1)<=$K$4),$I$4+(2*7+6-($J$4-1)+1)-1,"") -> 46312
A11: =IF(A10="","",IFERROR("● "&INDEX('Release Calendar'!$B$5:$B$504,MATCH(A10,'Release Calendar'!$I$5:$I$504,0))&" · Start ","")&IFERROR("● "&INDEX('Release Calendar'!$B$5:$B$504,MATCH(A10,'Release Calendar'!$J$5:$J$504,0))&" · Target ","")) | B11: =IF(B10="","",IFERROR("● "&INDEX('Release Calendar'!$B$5:$B$504,MATCH(B10,'Release Calendar'!$I$5:$I$504,0))&" · Start ","")&IFERROR("● "&INDEX('Release Calendar'!$B$5:$B$504,MATCH(B10,'Release Calendar'!$J$5:$J$504,0))&" · Target ","")) -> ● DFS Lifecycle new columns addition · Start ● DFS Lifecycle new columns addition · Target | C11: =IF(C10="","",IFERROR("● "&INDEX('Release Calendar'!$B$5:$B$504,MATCH(C10,'Release Calendar'!$I$5:$I$504,0))&" · Start ","")&IFERROR("● "&INDEX('Release Calendar'!$B$5:$B$504,MATCH(C10,'Release Calendar'!$J$5:$J$504,0))&" · Target ","")) -> ● b2c sales hotfix · Start ● b2c sales hotfix · Target | D11: =IF(D10="","",IFERROR("● "&INDEX('Release Calendar'!$B$5:$B$504,MATCH(D10,'Release Calendar'!$I$5:$I$504,0))&" · Start ","")&IFERROR("● "&INDEX('Release Calendar'!$B$5:$B$504,MATCH(D10,'Release Calendar'!$J$5:$J$504,0))&" · Target ","")) | E11: =IF(E10="","",IFERROR("● "&INDEX('Release Calendar'!$B$5:$B$504,MATCH(E10,'Release Calendar'!$I$5:$I$504,0))&" · Start ","")&IFERROR("● "&INDEX('Release Calendar'!$B$5:$B$504,MATCH(E10,'Release Calendar'!$J$5:$J$504,0))&" · Target ","")) | F11: =IF(F10="","",IFERROR("● "&INDEX('Release Calendar'!$B$5:$B$504,MATCH(F10,'Release Calendar'!$I$5:$I$504,0))&" · Start ","")&IFERROR("● "&INDEX('Release Calendar'!$B$5:$B$504,MATCH(F10,'Release Calendar'!$J$5:$J$504,0))&" · Target ","")) | G11: =IF(G10="","",IFERROR("● "&INDEX('Release Calendar'!$B$5:$B$504,MATCH(G10,'Release Calendar'!$I$5:$I$504,0))&" · Start ","")&IFERROR("● "&INDEX('Release Calendar'!$B$5:$B$504,MATCH(G10,'Release Calendar'!$J$5:$J$504,0))&" · Target ",""))
A12: =IF(AND((3*7+0-($J$4-1)+1)>=1,(3*7+0-($J$4-1)+1)<=$K$4),$I$4+(3*7+0-($J$4-1)+1)-1,"") -> 46313 | B12: =IF(AND((3*7+1-($J$4-1)+1)>=1,(3*7+1-($J$4-1)+1)<=$K$4),$I$4+(3*7+1-($J$4-1)+1)-1,"") -> 46314 | C12: =IF(AND((3*7+2-($J$4-1)+1)>=1,(3*7+2-($J$4-1)+1)<=$K$4),$I$4+(3*7+2-($J$4-1)+1)-1,"") -> 46315 | D12: =IF(AND((3*7+3-($J$4-1)+1)>=1,(3*7+3-($J$4-1)+1)<=$K$4),$I$4+(3*7+3-($J$4-1)+1)-1,"") -> 46316 | E12: =IF(AND((3*7+4-($J$4-1)+1)>=1,(3*7+4-($J$4-1)+1)<=$K$4),$I$4+(3*7+4-($J$4-1)+1)-1,"") -> 46317 | F12: =IF(AND((3*7+5-($J$4-1)+1)>=1,(3*7+5-($J$4-1)+1)<=$K$4),$I$4+(3*7+5-($J$4-1)+1)-1,"") -> 46318 | G12: =IF(AND((3*7+6-($J$4-1)+1)>=1,(3*7+6-($J$4-1)+1)<=$K$4),$I$4+(3*7+6-($J$4-1)+1)-1,"") -> 46319
A13: =IF(A12="","",IFERROR("● "&INDEX('Release Calendar'!$B$5:$B$504,MATCH(A12,'Release Calendar'!$I$5:$I$504,0))&" · Start ","")&IFERROR("● "&INDEX('Release Calendar'!$B$5:$B$504,MATCH(A12,'Release Calendar'!$J$5:$J$504,0))&" · Target ","")) | B13: =IF(B12="","",IFERROR("● "&INDEX('Release Calendar'!$B$5:$B$504,MATCH(B12,'Release Calendar'!$I$5:$I$504,0))&" · Start ","")&IFERROR("● "&INDEX('Release Calendar'!$B$5:$B$504,MATCH(B12,'Release Calendar'!$J$5:$J$504,0))&" · Target ","")) | C13: =IF(C12="","",IFERROR("● "&INDEX('Release Calendar'!$B$5:$B$504,MATCH(C12,'Release Calendar'!$I$5:$I$504,0))&" · Start ","")&IFERROR("● "&INDEX('Release Calendar'!$B$5:$B$504,MATCH(C12,'Release Calendar'!$J$5:$J$504,0))&" · Target ","")) | D13: =IF(D12="","",IFERROR("● "&INDEX('Release Calendar'!$B$5:$B$504,MATCH(D12,'Release Calendar'!$I$5:$I$504,0))&" · Start ","")&IFERROR("● "&INDEX('Release Calendar'!$B$5:$B$504,MATCH(D12,'Release Calendar'!$J$5:$J$504,0))&" · Target ","")) | E13: =IF(E12="","",IFERROR("● "&INDEX('Release Calendar'!$B$5:$B$504,MATCH(E12,'Release Calendar'!$I$5:$I$504,0))&" · Start ","")&IFERROR("● "&INDEX('Release Calendar'!$B$5:$B$504,MATCH(E12,'Release Calendar'!$J$5:$J$504,0))&" · Target ","")) | F13: =IF(F12="","",IFERROR("● "&INDEX('Release Calendar'!$B$5:$B$504,MATCH(F12,'Release Calendar'!$I$5:$I$504,0))&" · Start ","")&IFERROR("● "&INDEX('Release Calendar'!$B$5:$B$504,MATCH(F12,'Release Calendar'!$J$5:$J$504,0))&" · Target ","")) | G13: =IF(G12="","",IFERROR("● "&INDEX('Release Calendar'!$B$5:$B$504,MATCH(G12,'Release Calendar'!$I$5:$I$504,0))&" · Start ","")&IFERROR("● "&INDEX('Release Calendar'!$B$5:$B$504,MATCH(G12,'Release Calendar'!$J$5:$J$504,0))&" · Target ",""))
A14: =IF(AND((4*7+0-($J$4-1)+1)>=1,(4*7+0-($J$4-1)+1)<=$K$4),$I$4+(4*7+0-($J$4-1)+1)-1,"") -> 46320 | B14: =IF(AND((4*7+1-($J$4-1)+1)>=1,(4*7+1-($J$4-1)+1)<=$K$4),$I$4+(4*7+1-($J$4-1)+1)-1,"") -> 46321 | C14: =IF(AND((4*7+2-($J$4-1)+1)>=1,(4*7+2-($J$4-1)+1)<=$K$4),$I$4+(4*7+2-($J$4-1)+1)-1,"") -> 46322 | D14: =IF(AND((4*7+3-($J$4-1)+1)>=1,(4*7+3-($J$4-1)+1)<=$K$4),$I$4+(4*7+3-($J$4-1)+1)-1,"") -> 46323 | E14: =IF(AND((4*7+4-($J$4-1)+1)>=1,(4*7+4-($J$4-1)+1)<=$K$4),$I$4+(4*7+4-($J$4-1)+1)-1,"") -> 46324 | F14: =IF(AND((4*7+5-($J$4-1)+1)>=1,(4*7+5-($J$4-1)+1)<=$K$4),$I$4+(4*7+5-($J$4-1)+1)-1,"") -> 46325 | G14: =IF(AND((4*7+6-($J$4-1)+1)>=1,(4*7+6-($J$4-1)+1)<=$K$4),$I$4+(4*7+6-($J$4-1)+1)-1,"") -> 46326
A15: =IF(A14="","",IFERROR("● "&INDEX('Release Calendar'!$B$5:$B$504,MATCH(A14,'Release Calendar'!$I$5:$I$504,0))&" · Start ","")&IFERROR("● "&INDEX('Release Calendar'!$B$5:$B$504,MATCH(A14,'Release Calendar'!$J$5:$J$504,0))&" · Target ","")) | B15: =IF(B14="","",IFERROR("● "&INDEX('Release Calendar'!$B$5:$B$504,MATCH(B14,'Release Calendar'!$I$5:$I$504,0))&" · Start ","")&IFERROR("● "&INDEX('Release Calendar'!$B$5:$B$504,MATCH(B14,'Release Calendar'!$J$5:$J$504,0))&" · Target ","")) | C15: =IF(C14="","",IFERROR("● "&INDEX('Release Calendar'!$B$5:$B$504,MATCH(C14,'Release Calendar'!$I$5:$I$504,0))&" · Start ","")&IFERROR("● "&INDEX('Release Calendar'!$B$5:$B$504,MATCH(C14,'Release Calendar'!$J$5:$J$504,0))&" · Target ","")) | D15: =IF(D14="","",IFERROR("● "&INDEX('Release Calendar'!$B$5:$B$504,MATCH(D14,'Release Calendar'!$I$5:$I$504,0))&" · Start ","")&IFERROR("● "&INDEX('Release Calendar'!$B$5:$B$504,MATCH(D14,'Release Calendar'!$J$5:$J$504,0))&" · Target ","")) | E15: =IF(E14="","",IFERROR("● "&INDEX('Release Calendar'!$B$5:$B$504,MATCH(E14,'Release Calendar'!$I$5:$I$504,0))&" · Start ","")&IFERROR("● "&INDEX('Release Calendar'!$B$5:$B$504,MATCH(E14,'Release Calendar'!$J$5:$J$504,0))&" · Target ","")) | F15: =IF(F14="","",IFERROR("● "&INDEX('Release Calendar'!$B$5:$B$504,MATCH(F14,'Release Calendar'!$I$5:$I$504,0))&" · Start ","")&IFERROR("● "&INDEX('Release Calendar'!$B$5:$B$504,MATCH(F14,'Release Calendar'!$J$5:$J$504,0))&" · Target ","")) | G15: =IF(G14="","",IFERROR("● "&INDEX('Release Calendar'!$B$5:$B$504,MATCH(G14,'Release Calendar'!$I$5:$I$504,0))&" · Start ","")&IFERROR("● "&INDEX('Release Calendar'!$B$5:$B$504,MATCH(G14,'Release Calendar'!$J$5:$J$504,0))&" · Target ",""))
A16: =IF(AND((5*7+0-($J$4-1)+1)>=1,(5*7+0-($J$4-1)+1)<=$K$4),$I$4+(5*7+0-($J$4-1)+1)-1,"") | B16: =IF(AND((5*7+1-($J$4-1)+1)>=1,(5*7+1-($J$4-1)+1)<=$K$4),$I$4+(5*7+1-($J$4-1)+1)-1,"") | C16: =IF(AND((5*7+2-($J$4-1)+1)>=1,(5*7+2-($J$4-1)+1)<=$K$4),$I$4+(5*7+2-($J$4-1)+1)-1,"") | D16: =IF(AND((5*7+3-($J$4-1)+1)>=1,(5*7+3-($J$4-1)+1)<=$K$4),$I$4+(5*7+3-($J$4-1)+1)-1,"") | E16: =IF(AND((5*7+4-($J$4-1)+1)>=1,(5*7+4-($J$4-1)+1)<=$K$4),$I$4+(5*7+4-($J$4-1)+1)-1,"") | F16: =IF(AND((5*7+5-($J$4-1)+1)>=1,(5*7+5-($J$4-1)+1)<=$K$4),$I$4+(5*7+5-($J$4-1)+1)-1,"") | G16: =IF(AND((5*7+6-($J$4-1)+1)>=1,(5*7+6-($J$4-1)+1)<=$K$4),$I$4+(5*7+6-($J$4-1)+1)-1,"")
A17: =IF(A16="","",IFERROR("● "&INDEX('Release Calendar'!$B$5:$B$504,MATCH(A16,'Release Calendar'!$I$5:$I$504,0))&" · Start ","")&IFERROR("● "&INDEX('Release Calendar'!$B$5:$B$504,MATCH(A16,'Release Calendar'!$J$5:$J$504,0))&" · Target ","")) | B17: =IF(B16="","",IFERROR("● "&INDEX('Release Calendar'!$B$5:$B$504,MATCH(B16,'Release Calendar'!$I$5:$I$504,0))&" · Start ","")&IFERROR("● "&INDEX('Release Calendar'!$B$5:$B$504,MATCH(B16,'Release Calendar'!$J$5:$J$504,0))&" · Target ","")) | C17: =IF(C16="","",IFERROR("● "&INDEX('Release Calendar'!$B$5:$B$504,MATCH(C16,'Release Calendar'!$I$5:$I$504,0))&" · Start ","")&IFERROR("● "&INDEX('Release Calendar'!$B$5:$B$504,MATCH(C16,'Release Calendar'!$J$5:$J$504,0))&" · Target ","")) | D17: =IF(D16="","",IFERROR("● "&INDEX('Release Calendar'!$B$5:$B$504,MATCH(D16,'Release Calendar'!$I$5:$I$504,0))&" · Start ","")&IFERROR("● "&INDEX('Release Calendar'!$B$5:$B$504,MATCH(D16,'Release Calendar'!$J$5:$J$504,0))&" · Target ","")) | E17: =IF(E16="","",IFERROR("● "&INDEX('Release Calendar'!$B$5:$B$504,MATCH(E16,'Release Calendar'!$I$5:$I$504,0))&" · Start ","")&IFERROR("● "&INDEX('Release Calendar'!$B$5:$B$504,MATCH(E16,'Release Calendar'!$J$5:$J$504,0))&" · Target ","")) | F17: =IF(F16="","",IFERROR("● "&INDEX('Release Calendar'!$B$5:$B$504,MATCH(F16,'Release Calendar'!$I$5:$I$504,0))&" · Start ","")&IFERROR("● "&INDEX('Release Calendar'!$B$5:$B$504,MATCH(F16,'Release Calendar'!$J$5:$J$504,0))&" · Target ","")) | G17: =IF(G16="","",IFERROR("● "&INDEX('Release Calendar'!$B$5:$B$504,MATCH(G16,'Release Calendar'!$I$5:$I$504,0))&" · Start ","")&IFERROR("● "&INDEX('Release Calendar'!$B$5:$B$504,MATCH(G16,'Release Calendar'!$J$5:$J$504,0))&" · Target ",""))
A19: STATUS LEGEND
A20: On Track | B20: At Risk | C20: Delayed | D20: Completed | E20: On Hold
A22: ★ Highlighted date = today | Change Month/Year above to view any period | Chips & colors pull live from the Release Calendar sheet — no manual updates needed.

Sheet Year Calendar
A1: TEKNOSYS · TELECOM DW | Release Calendar — Year View | AZ1: =DATE($B$4,1,1) -> 46023 | BA1: =WEEKDAY(AZ1,1) -> 5 | BB1: =DAY(EOMONTH(AZ1,0)) -> 31
AZ2: =DATE($B$4,2,1) -> 46054 | BA2: =WEEKDAY(AZ2,1) -> 1 | BB2: =DAY(EOMONTH(AZ2,0)) -> 28
A3: Jira-style year-at-a-glance · release names shown on their Start / Target Deploy dates, colored by Status · pulled live from the Release Calendar sheet | AZ3: =DATE($B$4,3,1) -> 46082 | BA3: =WEEKDAY(AZ3,1) -> 1 | BB3: =DAY(EOMONTH(AZ3,0)) -> 31
B4: 2026 | C4: ◀ Year — type another year to switch the view | AZ4: =DATE($B$4,4,1) -> 46113 | BA4: =WEEKDAY(AZ4,1) -> 4 | BB4: =DAY(EOMONTH(AZ4,0)) -> 30
AZ5: =DATE($B$4,5,1) -> 46143 | BA5: =WEEKDAY(AZ5,1) -> 6 | BB5: =DAY(EOMONTH(AZ5,0)) -> 31
B6: =TEXT(DATE($B$4,1,1),"mmmm") -> January | J6: =TEXT(DATE($B$4,2,1),"mmmm") -> February | R6: =TEXT(DATE($B$4,3,1),"mmmm") -> March | AZ6: =DATE($B$4,6,1) -> 46174 | BA6: =WEEKDAY(AZ6,1) -> 2 | BB6: =DAY(EOMONTH(AZ6,0)) -> 30
B7: SUN | C7: MON | D7: TUE | E7: WED | F7: THU | G7: FRI | H7: SAT | J7: SUN | K7: MON | L7: TUE | M7: WED | N7: THU | O7: FRI | P7: SAT | R7: SUN | S7: MON | T7: TUE | U7: WED | V7: THU | W7: FRI | X7: SAT | AZ7: =DATE($B$4,7,1) -> 46204 | BA7: =WEEKDAY(AZ7,1) -> 4 | BB7: =DAY(EOMONTH(AZ7,0)) -> 31
B8: =IF(AND((0*7+0-($BA$1-1)+1)>=1,(0*7+0-($BA$1-1)+1)<=$BB$1),$AZ$1+(0*7+0-($BA$1-1)+1)-1,"") | C8: =IF(AND((0*7+1-($BA$1-1)+1)>=1,(0*7+1-($BA$1-1)+1)<=$BB$1),$AZ$1+(0*7+1-($BA$1-1)+1)-1,"") | D8: =IF(AND((0*7+2-($BA$1-1)+1)>=1,(0*7+2-($BA$1-1)+1)<=$BB$1),$AZ$1+(0*7+2-($BA$1-1)+1)-1,"") | E8: =IF(AND((0*7+3-($BA$1-1)+1)>=1,(0*7+3-($BA$1-1)+1)<=$BB$1),$AZ$1+(0*7+3-($BA$1-1)+1)-1,"") | F8: =IF(AND((0*7+4-($BA$1-1)+1)>=1,(0*7+4-($BA$1-1)+1)<=$BB$1),$AZ$1+(0*7+4-($BA$1-1)+1)-1,"") -> 46023 | G8: =IF(AND((0*7+5-($BA$1-1)+1)>=1,(0*7+5-($BA$1-1)+1)<=$BB$1),$AZ$1+(0*7+5-($BA$1-1)+1)-1,"") -> 46024 | H8: =IF(AND((0*7+6-($BA$1-1)+1)>=1,(0*7+6-($BA$1-1)+1)<=$BB$1),$AZ$1+(0*7+6-($BA$1-1)+1)-1,"") -> 46025 | J8: =IF(AND((0*7+0-($BA$2-1)+1)>=1,(0*7+0-($BA$2-1)+1)<=$BB$2),$AZ$2+(0*7+0-($BA$2-1)+1)-1,"") -> 46054 | K8: =IF(AND((0*7+1-($BA$2-1)+1)>=1,(0*7+1-($BA$2-1)+1)<=$BB$2),$AZ$2+(0*7+1-($BA$2-1)+1)-1,"") -> 46055 | L8: =IF(AND((0*7+2-($BA$2-1)+1)>=1,(0*7+2-($BA$2-1)+1)<=$BB$2),$AZ$2+(0*7+2-($BA$2-1)+1)-1,"") -> 46056 | M8: =IF(AND((0*7+3-($BA$2-1)+1)>=1,(0*7+3-($BA$2-1)+1)<=$BB$2),$AZ$2+(0*7+3-($BA$2-1)+1)-1,"") -> 46057 | N8: =IF(AND((0*7+4-($BA$2-1)+1)>=1,(0*7+4-($BA$2-1)+1)<=$BB$2),$AZ$2+(0*7+4-($BA$2-1)+1)-1,"") -> 46058 | O8: =IF(AND((0*7+5-($BA$2-1)+1)>=1,(0*7+5-($BA$2-1)+1)<=$BB$2),$AZ$2+(0*7+5-($BA$2-1)+1)-1,"") -> 46059 | P8: =IF(AND((0*7+6-($BA$2-1)+1)>=1,(0*7+6-($BA$2-1)+1)<=$BB$2),$AZ$2+(0*7+6-($BA$2-1)+1)-1,"") -> 46060 | R8: =IF(AND((0*7+0-($BA$3-1)+1)>=1,(0*7+0-($BA$3-1)+1)<=$BB$3),$AZ$3+(0*7+0-($BA$3-1)+1)-1,"") -> 46082 | S8: =IF(AND((0*7+1-($BA$3-1)+1)>=1,(0*7+1-($BA$3-1)+1)<=$BB$3),$AZ$3+(0*7+1-($BA$3-1)+1)-1,"") -> 46083 | T8: =IF(AND((0*7+2-($BA$3-1)+1)>=1,(0*7+2-($BA$3-1)+1)<=$BB$3),$AZ$3+(0*7+2-($BA$3-1)+1)-1,"") -> 46084 | U8: =IF(AND((0*7+3-($BA$3-1)+1)>=1,(0*7+3-($BA$3-1)+1)<=$BB$3),$AZ$3+(0*7+3-($BA$3-1)+1)-1,"") -> 46085 | V8: =IF(AND((0*7+4-($BA$3-1)+1)>=1,(0*7+4-($BA$3-1)+1)<=$BB$3),$AZ$3+(0*7+4-($BA$3-1)+1)-1,"") -> 46086 | W8: =IF(AND((0*7+5-($BA$3-1)+1)>=1,(0*7+5-($BA$3-1)+1)<=$BB$3),$AZ$3+(0*7+5-($BA$3-1)+1)-1,"") -> 46087 | X8: =IF(AND((0*7+6-($BA$3-1)+1)>=1,(0*7+6-($BA$3-1)+1)<=$BB$3),$AZ$3+(0*7+6-($BA$3-1)+1)-1,"") -> 46088 | AZ8: =DATE($B$4,8,1) -> 46235 | BA8: =WEEKDAY(AZ8,1) -> 7 | BB8: =DAY(EOMONTH(AZ8,0)) -> 31
B9: =IF(B8="","",IFERROR("● "&INDEX('Release Calendar'!$B$5:$B$504,MATCH(B8,'Release Calendar'!$I$5:$I$504,0))&" · Start ","")&IFERROR("● "&INDEX('Release Calendar'!$B$5:$B$504,MATCH(B8,'Release Calendar'!$J$5:$J$504,0))&" · Target ","")) | C9: =IF(C8="","",IFERROR("● "&INDEX('Release Calendar'!$B$5:$B$504,MATCH(C8,'Release Calendar'!$I$5:$I$504,0))&" · Start ","")&IFERROR("● "&INDEX('Release Calendar'!$B$5:$B$504,MATCH(C8,'Release Calendar'!$J$5:$J$504,0))&" · Target ","")) | D9: =IF(D8="","",IFERROR("● "&INDEX('Release Calendar'!$B$5:$B$504,MATCH(D8,'Release Calendar'!$I$5:$I$504,0))&" · Start ","")&IFERROR("● "&INDEX('Release Calendar'!$B$5:$B$504,MATCH(D8,'Release Calendar'!$J$5:$J$504,0))&" · Target ","")) | E9: =IF(E8="","",IFERROR("● "&INDEX('Release Calendar'!$B$5:$B$504,MATCH(E8,'Release Calendar'!$I$5:$I$504,0))&" · Start ","")&IFERROR("● "&INDEX('Release Calendar'!$B$5:$B$504,MATCH(E8,'Release Calendar'!$J$5:$J$504,0))&" · Target ","")) | F9: =IF(F8="","",IFERROR("● "&INDEX('Release Calendar'!$B$5:$B$504,MATCH(F8,'Release Calendar'!$I$5:$I$504,0))&" · Start ","")&IFERROR("● "&INDEX('Release Calendar'!$B$5:$B$504,MATCH(F8,'Release Calendar'!$J$5:$J$504,0))&" · Target ","")) | G9: =IF(G8="","",IFERROR("● "&INDEX('Release Calendar'!$B$5:$B$504,MATCH(G8,'Release Calendar'!$I$5:$I$504,0))&" · Start ","")&IFERROR("● "&INDEX('Release Calendar'!$B$5:$B$504,MATCH(G8,'Release Calendar'!$J$5:$J$504,0))&" · Target ","")) | H9: =IF(H8="","",IFERROR("● "&INDEX('Release Calendar'!$B$5:$B$504,MATCH(H8,'Release Calendar'!$I$5:$I$504,0))&" · Start ","")&IFERROR("● "&INDEX('Release Calendar'!$B$5:$B$504,MATCH(H8,'Release Calendar'!$J$5:$J$504,0))&" · Target ","")) | J9: =IF(J8="","",IFERROR("● "&INDEX('Release Calendar'!$B$5:$B$504,MATCH(J8,'Release Calendar'!$I$5:$I$504,0))&" · Start ","")&IFERROR("● "&INDEX('Release Calendar'!$B$5:$B$504,MATCH(J8,'Release Calendar'!$J$5:$J$504,0))&" · Target ","")) | K9: =IF(K8="","",IFERROR("● "&INDEX('Release Calendar'!$B$5:$B$504,MATCH(K8,'Release Calendar'!$I$5:$I$504,0))&" · Start ","")&IFERROR("● "&INDEX('Release Calendar'!$B$5:$B$504,MATCH(K8,'Release Calendar'!$J$5:$J$504,0))&" · Target ","")) | L9: =IF(L8="","",IFERROR("● "&INDEX('Release Calendar'!$B$5:$B$504,MATCH(L8,'Release Calendar'!$I$5:$I$504,0))&" · Start ","")&IFERROR("● "&INDEX('Release Calendar'!$B$5:$B$504,MATCH(L8,'Release Calendar'!$J$5:$J$504,0))&" · Target ","")) | M9: =IF(M8="","",IFERROR("● "&INDEX('Release Calendar'!$B$5:$B$504,MATCH(M8,'Release Calendar'!$I$5:$I$504,0))&" · Start ","")&IFERROR("● "&INDEX('Release Calendar'!$B$5:$B$504,MATCH(M8,'Release Calendar'!$J$5:$J$504,0))&" · Target ","")) | N9: =IF(N8="","",IFERROR("● "&INDEX('Release Calendar'!$B$5:$B$504,MATCH(N8,'Release Calendar'!$I$5:$I$504,0))&" · Start ","")&IFERROR("● "&INDEX('Release Calendar'!$B$5:$B$504,MATCH(N8,'Release Calendar'!$J$5:$J$504,0))&" · Target ","")) | O9: =IF(O8="","",IFERROR("● "&INDEX('Release Calendar'!$B$5:$B$504,MATCH(O8,'Release Calendar'!$I$5:$I$504,0))&" · Start ","")&IFERROR("● "&INDEX('Release Calendar'!$B$5:$B$504,MATCH(O8,'Release Calendar'!$J$5:$J$504,0))&" · Target ","")) | P9: =IF(P8="","",IFERROR("● "&INDEX('Release Calendar'!$B$5:$B$504,MATCH(P8,'Release Calendar'!$I$5:$I$504,0))&" · Start ","")&IFERROR("● "&INDEX('Release Calendar'!$B$5:$B$504,MATCH(P8,'Release Calendar'!$J$5:$J$504,0))&" · Target ","")) | R9: =IF(R8="","",IFERROR("● "&INDEX('Release Calendar'!$B$5:$B$504,MATCH(R8,'Release Calendar'!$I$5:$I$504,0))&" · Start ","")&IFERROR("● "&INDEX('Release Calendar'!$B$5:$B$504,MATCH(R8,'Release Calendar'!$J$5:$J$504,0))&" · Target ","")) | S9: =IF(S8="","",IFERROR("● "&INDEX('Release Calendar'!$B$5:$B$504,MATCH(S8,'Release Calendar'!$I$5:$I$504,0))&" · Start ","")&IFERROR("● "&INDEX('Release Calendar'!$B$5:$B$504,MATCH(S8,'Release Calendar'!$J$5:$J$504,0))&" · Target ","")) | T9: =IF(T8="","",IFERROR("● "&INDEX('Release Calendar'!$B$5:$B$504,MATCH(T8,'Release Calendar'!$I$5:$I$504,0))&" · Start ","")&IFERROR("● "&INDEX('Release Calendar'!$B$5:$B$504,MATCH(T8,'Release Calendar'!$J$5:$J$504,0))&" · Target ","")) | U9: =IF(U8="","",IFERROR("● "&INDEX('Release Calendar'!$B$5:$B$504,MATCH(U8,'Release Calendar'!$I$5:$I$504,0))&" · Start ","")&IFERROR("● "&INDEX('Release Calendar'!$B$5:$B$504,MATCH(U8,'Release Calendar'!$J$5:$J$504,0))&" · Target ","")) | V9: =IF(V8="","",IFERROR("● "&INDEX('Release Calendar'!$B$5:$B$504,MATCH(V8,'Release Calendar'!$I$5:$I$504,0))&" · Start ","")&IFERROR("● "&INDEX('Release Calendar'!$B$5:$B$504,MATCH(V8,'Release Calendar'!$J$5:$J$504,0))&" · Target ","")) | W9: =IF(W8="","",IFERROR("● "&INDEX('Release Calendar'!$B$5:$B$504,MATCH(W8,'Release Calendar'!$I$5:$I$504,0))&" · Start ","")&IFERROR("● "&INDEX('Release Calendar'!$B$5:$B$504,MATCH(W8,'Release Calendar'!$J$5:$J$504,0))&" · Target ","")) | X9: =IF(X8="","",IFERROR("● "&INDEX('Release Calendar'!$B$5:$B$504,MATCH(X8,'Release Calendar'!$I$5:$I$504,0))&" · Start ","")&IFERROR("● "&INDEX('Release Calendar'!$B$5:$B$504,MATCH(X8,'Release Calendar'!$J$5:$J$504,0))&" · Target ","")) | AZ9: =DATE($B$4,9,1) -> 46266 | BA9: =WEEKDAY(AZ9,1) -> 3 | BB9: =DAY(EOMONTH(AZ9,0)) -> 30
B10: =IF(AND((1*7+0-($BA$1-1)+1)>=1,(1*7+0-($BA$1-1)+1)<=$BB$1),$AZ$1+(1*7+0-($BA$1-1)+1)-1,"") -> 46026 | C10: =IF(AND((1*7+1-($BA$1-1)+1)>=1,(1*7+1-($BA$1-1)+1)<=$BB$1),$AZ$1+(1*7+1-($BA$1-1)+1)-1,"") -> 46027 | D10: =IF(AND((1*7+2-($BA$1-1)+1)>=1,(1*7+2-($BA$1-1)+1)<=$BB$1),$AZ$1+(1*7+2-($BA$1-1)+1)-1,"") -> 46028 | E10: =IF(AND((1*7+3-($BA$1-1)+1)>=1,(1*7+3-($BA$1-1)+1)<=$BB$1),$AZ$1+(1*7+3-($BA$1-1)+1)-1,"") -> 46029 | F10: =IF(AND((1*7+4-($BA$1-1)+1)>=1,(1*7+4-($BA$1-1)+1)<=$BB$1),$AZ$1+(1*7+4-($BA$1-1)+1)-1,"") -> 46030 | G10: =IF(AND((1*7+5-($BA$1-1)+1)>=1,(1*7+5-($BA$1-1)+1)<=$BB$1),$AZ$1+(1*7+5-($BA$1-1)+1)-1,"") -> 46031 | H10: =IF(AND((1*7+6-($BA$1-1)+1)>=1,(1*7+6-($BA$1-1)+1)<=$BB$1),$AZ$1+(1*7+6-($BA$1-1)+1)-1,"") -> 46032 | J10: =IF(AND((1*7+0-($BA$2-1)+1)>=1,(1*7+0-($BA$2-1)+1)<=$BB$2),$AZ$2+(1*7+0-($BA$2-1)+1)-1,"") -> 46061 | K10: =IF(AND((1*7+1-($BA$2-1)+1)>=1,(1*7+1-($BA$2-1)+1)<=$BB$2),$AZ$2+(1*7+1-($BA$2-1)+1)-1,"") -> 46062 | L10: =IF(AND((1*7+2-($BA$2-1)+1)>=1,(1*7+2-($BA$2-1)+1)<=$BB$2),$AZ$2+(1*7+2-($BA$2-1)+1)-1,"") -> 46063 | M10: =IF(AND((1*7+3-($BA$2-1)+1)>=1,(1*7+3-($BA$2-1)+1)<=$BB$2),$AZ$2+(1*7+3-($BA$2-1)+1)-1,"") -> 46064 | N10: =IF(AND((1*7+4-($BA$2-1)+1)>=1,(1*7+4-($BA$2-1)+1)<=$BB$2),$AZ$2+(1*7+4-($BA$2-1)+1)-1,"") -> 46065 | O10: =IF(AND((1*7+5-($BA$2-1)+1)>=1,(1*7+5-($BA$2-1)+1)<=$BB$2),$AZ$2+(1*7+5-($BA$2-1)+1)-1,"") -> 46066 | P10: =IF(AND((1*7+6-($BA$2-1)+1)>=1,(1*7+6-($BA$2-1)+1)<=$BB$2),$AZ$2+(1*7+6-($BA$2-1)+1)-1,"") -> 46067 | R10: =IF(AND((1*7+0-($BA$3-1)+1)>=1,(1*7+0-($BA$3-1)+1)<=$BB$3),$AZ$3+(1*7+0-($BA$3-1)+1)-1,"") -> 46089 | S10: =IF(AND((1*7+1-($BA$3-1)+1)>=1,(1*7+1-($BA$3-1)+1)<=$BB$3),$AZ$3+(1*7+1-($BA$3-1)+1)-1,"") -> 46090 | T10: =IF(AND((1*7+2-($BA$3-1)+1)>=1,(1*7+2-($BA$3-1)+1)<=$BB$3),$AZ$3+(1*7+2-($BA$3-1)+1)-1,"") -> 46091 | U10: =IF(AND((1*7+3-($BA$3-1)+1)>=1,(1*7+3-($BA$3-1)+1)<=$BB$3),$AZ$3+(1*7+3-($BA$3-1)+1)-1,"") -> 46092 | V10: =IF(AND((1*7+4-($BA$3-1)+1)>=1,(1*7+4-($BA$3-1)+1)<=$BB$3),$AZ$3+(1*7+4-($BA$3-1)+1)-1,"") -> 46093 | W10: =IF(AND((1*7+5-($BA$3-1)+1)>=1,(1*7+5-($BA$3-1)+1)<=$BB$3),$AZ$3+(1*7+5-($BA$3-1)+1)-1,"") -> 46094 | X10: =IF(AND((1*7+6-($BA$3-1)+1)>=1,(1*7+6-($BA$3-1)+1)<=$BB$3),$AZ$3+(1*7+6-($BA$3-1)+1)-1,"") -> 46095 | AZ10: =DATE($B$4,10,1) -> 46296 | BA10: =WEEKDAY(AZ10,1) -> 5 | BB10: =DAY(EOMONTH(AZ10,0)) -> 31
B11: =IF(B10="","",IFERROR("● "&INDEX('Release Calendar'!$B$5:$B$504,MATCH(B10,'Release Calendar'!$I$5:$I$504,0))&" · Start ","")&IFERROR("● "&INDEX('Release Calendar'!$B$5:$B$504,MATCH(B10,'Release Calendar'!$J$5:$J$504,0))&" · Target ","")) | C11: =IF(C10="","",IFERROR("● "&INDEX('Release Calendar'!$B$5:$B$504,MATCH(C10,'Release Calendar'!$I$5:$I$504,0))&" · Start ","")&IFERROR("● "&INDEX('Release Calendar'!$B$5:$B$504,MATCH(C10,'Release Calendar'!$J$5:$J$504,0))&" · Target ","")) | D11: =IF(D10="","",IFERROR("● "&INDEX('Release Calendar'!$B$5:$B$504,MATCH(D10,'Release Calendar'!$I$5:$I$504,0))&" · Start ","")&IFERROR("● "&INDEX('Release Calendar'!$B$5:$B$504,MATCH(D10,'Release Calendar'!$J$5:$J$504,0))&" · Target ","")) | E11: =IF(E10="","",IFERROR("● "&INDEX('Release Calendar'!$B$5:$B$504,MATCH(E10,'Release Calendar'!$I$5:$I$504,0))&" · Start ","")&IFERROR("● "&INDEX('Release Calendar'!$B$5:$B$504,MATCH(E10,'Release Calendar'!$J$5:$J$504,0))&" · Target ","")) | F11: =IF(F10="","",IFERROR("● "&INDEX('Release Calendar'!$B$5:$B$504,MATCH(F10,'Release Calendar'!$I$5:$I$504,0))&" · Start ","")&IFERROR("● "&INDEX('Release Calendar'!$B$5:$B$504,MATCH(F10,'Release Calendar'!$J$5:$J$504,0))&" · Target ","")) | G11: =IF(G10="","",IFERROR("● "&INDEX('Release Calendar'!$B$5:$B$504,MATCH(G10,'Release Calendar'!$I$5:$I$504,0))&" · Start ","")&IFERROR("● "&INDEX('Release Calendar'!$B$5:$B$504,MATCH(G10,'Release Calendar'!$J$5:$J$504,0))&" · Target ","")) | H11: =IF(H10="","",IFERROR("● "&INDEX('Release Calendar'!$B$5:$B$504,MATCH(H10,'Release Calendar'!$I$5:$I$504,0))&" · Start ","")&IFERROR("● "&INDEX('Release Calendar'!$B$5:$B$504,MATCH(H10,'Release Calendar'!$J$5:$J$504,0))&" · Target ","")) | J11: =IF(J10="","",IFERROR("● "&INDEX('Release Calendar'!$B$5:$B$504,MATCH(J10,'Release Calendar'!$I$5:$I$504,0))&" · Start ","")&IFERROR("● "&INDEX('Release Calendar'!$B$5:$B$504,MATCH(J10,'Release Calendar'!$J$5:$J$504,0))&" · Target ","")) | K11: =IF(K10="","",IFERROR("● "&INDEX('Release Calendar'!$B$5:$B$504,MATCH(K10,'Release Calendar'!$I$5:$I$504,0))&" · Start ","")&IFERROR("● "&INDEX('Release Calendar'!$B$5:$B$504,MATCH(K10,'Release Calendar'!$J$5:$J$504,0))&" · Target ","")) | L11: =IF(L10="","",IFERROR("● "&INDEX('Release Calendar'!$B$5:$B$504,MATCH(L10,'Release Calendar'!$I$5:$I$504,0))&" · Start ","")&IFERROR("● "&INDEX('Release Calendar'!$B$5:$B$504,MATCH(L10,'Release Calendar'!$J$5:$J$504,0))&" · Target ","")) | M11: =IF(M10="","",IFERROR("● "&INDEX('Release Calendar'!$B$5:$B$504,MATCH(M10,'Release Calendar'!$I$5:$I$504,0))&" · Start ","")&IFERROR("● "&INDEX('Release Calendar'!$B$5:$B$504,MATCH(M10,'Release Calendar'!$J$5:$J$504,0))&" · Target ","")) | N11: =IF(N10="","",IFERROR("● "&INDEX('Release Calendar'!$B$5:$B$504,MATCH(N10,'Release Calendar'!$I$5:$I$504,0))&" · Start ","")&IFERROR("● "&INDEX('Release Calendar'!$B$5:$B$504,MATCH(N10,'Release Calendar'!$J$5:$J$504,0))&" · Target ","")) | O11: =IF(O10="","",IFERROR("● "&INDEX('Release Calendar'!$B$5:$B$504,MATCH(O10,'Release Calendar'!$I$5:$I$504,0))&" · Start ","")&IFERROR("● "&INDEX('Release Calendar'!$B$5:$B$504,MATCH(O10,'Release Calendar'!$J$5:$J$504,0))&" · Target ","")) | P11: =IF(P10="","",IFERROR("● "&INDEX('Release Calendar'!$B$5:$B$504,MATCH(P10,'Release Calendar'!$I$5:$I$504,0))&" · Start ","")&IFERROR("● "&INDEX('Release Calendar'!$B$5:$B$504,MATCH(P10,'Release Calendar'!$J$5:$J$504,0))&" · Target ","")) | R11: =IF(R10="","",IFERROR("● "&INDEX('Release Calendar'!$B$5:$B$504,MATCH(R10,'Release Calendar'!$I$5:$I$504,0))&" · Start ","")&IFERROR("● "&INDEX('Release Calendar'!$B$5:$B$504,MATCH(R10,'Release Calendar'!$J$5:$J$504,0))&" · Target ","")) | S11: =IF(S10="","",IFERROR("● "&INDEX('Release Calendar'!$B$5:$B$504,MATCH(S10,'Release Calendar'!$I$5:$I$504,0))&" · Start ","")&IFERROR("● "&INDEX('Release Calendar'!$B$5:$B$504,MATCH(S10,'Release Calendar'!$J$5:$J$504,0))&" · Target ","")) | T11: =IF(T10="","",IFERROR("● "&INDEX('Release Calendar'!$B$5:$B$504,MATCH(T10,'Release Calendar'!$I$5:$I$504,0))&" · Start ","")&IFERROR("● "&INDEX('Release Calendar'!$B$5:$B$504,MATCH(T10,'Release Calendar'!$J$5:$J$504,0))&" · Target ","")) | U11: =IF(U10="","",IFERROR("● "&INDEX('Release Calendar'!$B$5:$B$504,MATCH(U10,'Release Calendar'!$I$5:$I$504,0))&" · Start ","")&IFERROR("● "&INDEX('Release Calendar'!$B$5:$B$504,MATCH(U10,'Release Calendar'!$J$5:$J$504,0))&" · Target ","")) | V11: =IF(V10="","",IFERROR("● "&INDEX('Release Calendar'!$B$5:$B$504,MATCH(V10,'Release Calendar'!$I$5:$I$504,0))&" · Start ","")&IFERROR("● "&INDEX('Release Calendar'!$B$5:$B$504,MATCH(V10,'Release Calendar'!$J$5:$J$504,0))&" · Target ","")) | W11: =IF(W10="","",IFERROR("● "&INDEX('Release Calendar'!$B$5:$B$504,MATCH(W10,'Release Calendar'!$I$5:$I$504,0))&" · Start ","")&IFERROR("● "&INDEX('Release Calendar'!$B$5:$B$504,MATCH(W10,'Release Calendar'!$J$5:$J$504,0))&" · Target ","")) | X11: =IF(X10="","",IFERROR("● "&INDEX('Release Calendar'!$B$5:$B$504,MATCH(X10,'Release Calendar'!$I$5:$I$504,0))&" · Start ","")&IFERROR("● "&INDEX('Release Calendar'!$B$5:$B$504,MATCH(X10,'Release Calendar'!$J$5:$J$504,0))&" · Target ","")) | AZ11: =DATE($B$4,11,1) -> 46327 | BA11: =WEEKDAY(AZ11,1) -> 1 | BB11: =DAY(EOMONTH(AZ11,0)) -> 30
B12: =IF(AND((2*7+0-($BA$1-1)+1)>=1,(2*7+0-($BA$1-1)+1)<=$BB$1),$AZ$1+(2*7+0-($BA$1-1)+1)-1,"") -> 46033 | C12: =IF(AND((2*7+1-($BA$1-1)+1)>=1,(2*7+1-($BA$1-1)+1)<=$BB$1),$AZ$1+(2*7+1-($BA$1-1)+1)-1,"") -> 46034 | D12: =IF(AND((2*7+2-($BA$1-1)+1)>=1,(2*7+2-($BA$1-1)+1)<=$BB$1),$AZ$1+(2*7+2-($BA$1-1)+1)-1,"") -> 46035 | E12: =IF(AND((2*7+3-($BA$1-1)+1)>=1,(2*7+3-($BA$1-1)+1)<=$BB$1),$AZ$1+(2*7+3-($BA$1-1)+1)-1,"") -> 46036 | F12: =IF(AND((2*7+4-($BA$1-1)+1)>=1,(2*7+4-($BA$1-1)+1)<=$BB$1),$AZ$1+(2*7+4-($BA$1-1)+1)-1,"") -> 46037 | G12: =IF(AND((2*7+5-($BA$1-1)+1)>=1,(2*7+5-($BA$1-1)+1)<=$BB$1),$AZ$1+(2*7+5-($BA$1-1)+1)-1,"") -> 46038 | H12: =IF(AND((2*7+6-($BA$1-1)+1)>=1,(2*7+6-($BA$1-1)+1)<=$BB$1),$AZ$1+(2*7+6-($BA$1-1)+1)-1,"") -> 46039 | J12: =IF(AND((2*7+0-($BA$2-1)+1)>=1,(2*7+0-($BA$2-1)+1)<=$BB$2),$AZ$2+(2*7+0-($BA$2-1)+1)-1,"") -> 46068 | K12: =IF(AND((2*7+1-($BA$2-1)+1)>=1,(2*7+1-($BA$2-1)+1)<=$BB$2),$AZ$2+(2*7+1-($BA$2-1)+1)-1,"") -> 46069 | L12: =IF(AND((2*7+2-($BA$2-1)+1)>=1,(2*7+2-($BA$2-1)+1)<=$BB$2),$AZ$2+(2*7+2-($BA$2-1)+1)-1,"") -> 46070 | M12: =IF(AND((2*7+3-($BA$2-1)+1)>=1,(2*7+3-($BA$2-1)+1)<=$BB$2),$AZ$2+(2*7+3-($BA$2-1)+1)-1,"") -> 46071 | N12: =IF(AND((2*7+4-($BA$2-1)+1)>=1,(2*7+4-($BA$2-1)+1)<=$BB$2),$AZ$2+(2*7+4-($BA$2-1)+1)-1,"") -> 46072 | O12: =IF(AND((2*7+5-($BA$2-1)+1)>=1,(2*7+5-($BA$2-1)+1)<=$BB$2),$AZ$2+(2*7+5-($BA$2-1)+1)-1,"") -> 46073 | P12: =IF(AND((2*7+6-($BA$2-1)+1)>=1,(2*7+6-($BA$2-1)+1)<=$BB$2),$AZ$2+(2*7+6-($BA$2-1)+1)-1,"") -> 46074 | R12: =IF(AND((2*7+0-($BA$3-1)+1)>=1,(2*7+0-($BA$3-1)+1)<=$BB$3),$AZ$3+(2*7+0-($BA$3-1)+1)-1,"") -> 46096 | S12: =IF(AND((2*7+1-($BA$3-1)+1)>=1,(2*7+1-($BA$3-1)+1)<=$BB$3),$AZ$3+(2*7+1-($BA$3-1)+1)-1,"") -> 46097 | T12: =IF(AND((2*7+2-($BA$3-1)+1)>=1,(2*7+2-($BA$3-1)+1)<=$BB$3),$AZ$3+(2*7+2-($BA$3-1)+1)-1,"") -> 46098 | U12: =IF(AND((2*7+3-($BA$3-1)+1)>=1,(2*7+3-($BA$3-1)+1)<=$BB$3),$AZ$3+(2*7+3-($BA$3-1)+1)-1,"") -> 46099 | V12: =IF(AND((2*7+4-($BA$3-1)+1)>=1,(2*7+4-($BA$3-1)+1)<=$BB$3),$AZ$3+(2*7+4-($BA$3-1)+1)-1,"") -> 46100 | W12: =IF(AND((2*7+5-($BA$3-1)+1)>=1,(2*7+5-($BA$3-1)+1)<=$BB$3),$AZ$3+(2*7+5-($BA$3-1)+1)-1,"") -> 46101 | X12: =IF(AND((2*7+6-($BA$3-1)+1)>=1,(2*7+6-($BA$3-1)+1)<=$BB$3),$AZ$3+(2*7+6-($BA$3-1)+1)-1,"") -> 46102 | AZ12: =DATE($B$4,12,1) -> 46357 | BA12: =WEEKDAY(AZ12,1) -> 3 | BB12: =DAY(EOMONTH(AZ12,0)) -> 31
B13: =IF(B12="","",IFERROR("● "&INDEX('Release Calendar'!$B$5:$B$504,MATCH(B12,'Release Calendar'!$I$5:$I$504,0))&" · Start ","")&IFERROR("● "&INDEX('Release Calendar'!$B$5:$B$504,MATCH(B12,'Release Calendar'!$J$5:$J$504,0))&" · Target ","")) | C13: =IF(C12="","",IFERROR("● "&INDEX('Release Calendar'!$B$5:$B$504,MATCH(C12,'Release Calendar'!$I$5:$I$504,0))&" · Start ","")&IFERROR("● "&INDEX('Release Calendar'!$B$5:$B$504,MATCH(C12,'Release Calendar'!$J$5:$J$504,0))&" · Target ","")) | D13: =IF(D12="","",IFERROR("● "&INDEX('Release Calendar'!$B$5:$B$504,MATCH(D12,'Release Calendar'!$I$5:$I$504,0))&" · Start ","")&IFERROR("● "&INDEX('Release Calendar'!$B$5:$B$504,MATCH(D12,'Release Calendar'!$J$5:$J$504,0))&" · Target ","")) | E13: =IF(E12="","",IFERROR("● "&INDEX('Release Calendar'!$B$5:$B$504,MATCH(E12,'Release Calendar'!$I$5:$I$504,0))&" · Start ","")&IFERROR("● "&INDEX('Release Calendar'!$B$5:$B$504,MATCH(E12,'Release Calendar'!$J$5:$J$504,0))&" · Target ","")) | F13: =IF(F12="","",IFERROR("● "&INDEX('Release Calendar'!$B$5:$B$504,MATCH(F12,'Release Calendar'!$I$5:$I$504,0))&" · Start ","")&IFERROR("● "&INDEX('Release Calendar'!$B$5:$B$504,MATCH(F12,'Release Calendar'!$J$5:$J$504,0))&" · Target ","")) | G13: =IF(G12="","",IFERROR("● "&INDEX('Release Calendar'!$B$5:$B$504,MATCH(G12,'Release Calendar'!$I$5:$I$504,0))&" · Start ","")&IFERROR("● "&INDEX('Release Calendar'!$B$5:$B$504,MATCH(G12,'Release Calendar'!$J$5:$J$504,0))&" · Target ","")) | H13: =IF(H12="","",IFERROR("● "&INDEX('Release Calendar'!$B$5:$B$504,MATCH(H12,'Release Calendar'!$I$5:$I$504,0))&" · Start ","")&IFERROR("● "&INDEX('Release Calendar'!$B$5:$B$504,MATCH(H12,'Release Calendar'!$J$5:$J$504,0))&" · Target ","")) | J13: =IF(J12="","",IFERROR("● "&INDEX('Release Calendar'!$B$5:$B$504,MATCH(J12,'Release Calendar'!$I$5:$I$504,0))&" · Start ","")&IFERROR("● "&INDEX('Release Calendar'!$B$5:$B$504,MATCH(J12,'Release Calendar'!$J$5:$J$504,0))&" · Target ","")) | K13: =IF(K12="","",IFERROR("● "&INDEX('Release Calendar'!$B$5:$B$504,MATCH(K12,'Release Calendar'!$I$5:$I$504,0))&" · Start ","")&IFERROR("● "&INDEX('Release Calendar'!$B$5:$B$504,MATCH(K12,'Release Calendar'!$J$5:$J$504,0))&" · Target ","")) | L13: =IF(L12="","",IFERROR("● "&INDEX('Release Calendar'!$B$5:$B$504,MATCH(L12,'Release Calendar'!$I$5:$I$504,0))&" · Start ","")&IFERROR("● "&INDEX('Release Calendar'!$B$5:$B$504,MATCH(L12,'Release Calendar'!$J$5:$J$504,0))&" · Target ","")) | M13: =IF(M12="","",IFERROR("● "&INDEX('Release Calendar'!$B$5:$B$504,MATCH(M12,'Release Calendar'!$I$5:$I$504,0))&" · Start ","")&IFERROR("● "&INDEX('Release Calendar'!$B$5:$B$504,MATCH(M12,'Release Calendar'!$J$5:$J$504,0))&" · Target ","")) | N13: =IF(N12="","",IFERROR("● "&INDEX('Release Calendar'!$B$5:$B$504,MATCH(N12,'Release Calendar'!$I$5:$I$504,0))&" · Start ","")&IFERROR("● "&INDEX('Release Calendar'!$B$5:$B$504,MATCH(N12,'Release Calendar'!$J$5:$J$504,0))&" · Target ","")) | O13: =IF(O12="","",IFERROR("● "&INDEX('Release Calendar'!$B$5:$B$504,MATCH(O12,'Release Calendar'!$I$5:$I$504,0))&" · Start ","")&IFERROR("● "&INDEX('Release Calendar'!$B$5:$B$504,MATCH(O12,'Release Calendar'!$J$5:$J$504,0))&" · Target ","")) | P13: =IF(P12="","",IFERROR("● "&INDEX('Release Calendar'!$B$5:$B$504,MATCH(P12,'Release Calendar'!$I$5:$I$504,0))&" · Start ","")&IFERROR("● "&INDEX('Release Calendar'!$B$5:$B$504,MATCH(P12,'Release Calendar'!$J$5:$J$504,0))&" · Target ","")) | R13: =IF(R12="","",IFERROR("● "&INDEX('Release Calendar'!$B$5:$B$504,MATCH(R12,'Release Calendar'!$I$5:$I$504,0))&" · Start ","")&IFERROR("● "&INDEX('Release Calendar'!$B$5:$B$504,MATCH(R12,'Release Calendar'!$J$5:$J$504,0))&" · Target ","")) | S13: =IF(S12="","",IFERROR("● "&INDEX('Release Calendar'!$B$5:$B$504,MATCH(S12,'Release Calendar'!$I$5:$I$504,0))&" · Start ","")&IFERROR("● "&INDEX('Release Calendar'!$B$5:$B$504,MATCH(S12,'Release Calendar'!$J$5:$J$504,0))&" · Target ","")) | T13: =IF(T12="","",IFERROR("● "&INDEX('Release Calendar'!$B$5:$B$504,MATCH(T12,'Release Calendar'!$I$5:$I$504,0))&" · Start ","")&IFERROR("● "&INDEX('Release Calendar'!$B$5:$B$504,MATCH(T12,'Release Calendar'!$J$5:$J$504,0))&" · Target ","")) | U13: =IF(U12="","",IFERROR("● "&INDEX('Release Calendar'!$B$5:$B$504,MATCH(U12,'Release Calendar'!$I$5:$I$504,0))&" · Start ","")&IFERROR("● "&INDEX('Release Calendar'!$B$5:$B$504,MATCH(U12,'Release Calendar'!$J$5:$J$504,0))&" · Target ","")) | V13: =IF(V12="","",IFERROR("● "&INDEX('Release Calendar'!$B$5:$B$504,MATCH(V12,'Release Calendar'!$I$5:$I$504,0))&" · Start ","")&IFERROR("● "&INDEX('Release Calendar'!$B$5:$B$504,MATCH(V12,'Release Calendar'!$J$5:$J$504,0))&" · Target ","")) | W13: =IF(W12="","",IFERROR("● "&INDEX('Release Calendar'!$B$5:$B$504,MATCH(W12,'Release Calendar'!$I$5:$I$504,0))&" · Start ","")&IFERROR("● "&INDEX('Release Calendar'!$B$5:$B$504,MATCH(W12,'Release Calendar'!$J$5:$J$504,0))&" · Target ","")) | X13: =IF(X12="","",IFERROR("● "&INDEX('Release Calendar'!$B$5:$B$504,MATCH(X12,'Release Calendar'!$I$5:$I$504,0))&" · Start ","")&IFERROR("● "&INDEX('Release Calendar'!$B$5:$B$504,MATCH(X12,'Release Calendar'!$J$5:$J$504,0))&" · Target ",""))
B14: =IF(AND((3*7+0-($BA$1-1)+1)>=1,(3*7+0-($BA$1-1)+1)<=$BB$1),$AZ$1+(3*7+0-($BA$1-1)+1)-1,"") -> 46040 | C14: =IF(AND((3*7+1-($BA$1-1)+1)>=1,(3*7+1-($BA$1-1)+1)<=$BB$1),$AZ$1+(3*7+1-($BA$1-1)+1)-1,"") -> 46041 | D14: =IF(AND((3*7+2-($BA$1-1)+1)>=1,(3*7+2-($BA$1-1)+1)<=$BB$1),$AZ$1+(3*7+2-($BA$1-1)+1)-1,"") -> 46042 | E14: =IF(AND((3*7+3-($BA$1-1)+1)>=1,(3*7+3-($BA$1-1)+1)<=$BB$1),$AZ$1+(3*7+3-($BA$1-1)+1)-1,"") -> 46043 | F14: =IF(AND((3*7+4-($BA$1-1)+1)>=1,(3*7+4-($BA$1-1)+1)<=$BB$1),$AZ$1+(3*7+4-($BA$1-1)+1)-1,"") -> 46044 | G14: =IF(AND((3*7+5-($BA$1-1)+1)>=1,(3*7+5-($BA$1-1)+1)<=$BB$1),$AZ$1+(3*7+5-($BA$1-1)+1)-1,"") -> 46045 | H14: =IF(AND((3*7+6-($BA$1-1)+1)>=1,(3*7+6-($BA$1-1)+1)<=$BB$1),$AZ$1+(3*7+6-($BA$1-1)+1)-1,"") -> 46046 | J14: =IF(AND((3*7+0-($BA$2-1)+1)>=1,(3*7+0-($BA$2-1)+1)<=$BB$2),$AZ$2+(3*7+0-($BA$2-1)+1)-1,"") -> 46075 | K14: =IF(AND((3*7+1-($BA$2-1)+1)>=1,(3*7+1-($BA$2-1)+1)<=$BB$2),$AZ$2+(3*7+1-($BA$2-1)+1)-1,"") -> 46076 | L14: =IF(AND((3*7+2-($BA$2-1)+1)>=1,(3*7+2-($BA$2-1)+1)<=$BB$2),$AZ$2+(3*7+2-($BA$2-1)+1)-1,"") -> 46077 | M14: =IF(AND((3*7+3-($BA$2-1)+1)>=1,(3*7+3-($BA$2-1)+1)<=$BB$2),$AZ$2+(3*7+3-($BA$2-1)+1)-1,"") -> 46078 | N14: =IF(AND((3*7+4-($BA$2-1)+1)>=1,(3*7+4-($BA$2-1)+1)<=$BB$2),$AZ$2+(3*7+4-($BA$2-1)+1)-1,"") -> 46079 | O14: =IF(AND((3*7+5-($BA$2-1)+1)>=1,(3*7+5-($BA$2-1)+1)<=$BB$2),$AZ$2+(3*7+5-($BA$2-1)+1)-1,"") -> 46080 | P14: =IF(AND((3*7+6-($BA$2-1)+1)>=1,(3*7+6-($BA$2-1)+1)<=$BB$2),$AZ$2+(3*7+6-($BA$2-1)+1)-1,"") -> 46081 | R14: =IF(AND((3*7+0-($BA$3-1)+1)>=1,(3*7+0-($BA$3-1)+1)<=$BB$3),$AZ$3+(3*7+0-($BA$3-1)+1)-1,"") -> 46103 | S14: =IF(AND((3*7+1-($BA$3-1)+1)>=1,(3*7+1-($BA$3-1)+1)<=$BB$3),$AZ$3+(3*7+1-($BA$3-1)+1)-1,"") -> 46104 | T14: =IF(AND((3*7+2-($BA$3-1)+1)>=1,(3*7+2-($BA$3-1)+1)<=$BB$3),$AZ$3+(3*7+2-($BA$3-1)+1)-1,"") -> 46105 | U14: =IF(AND((3*7+3-($BA$3-1)+1)>=1,(3*7+3-($BA$3-1)+1)<=$BB$3),$AZ$3+(3*7+3-($BA$3-1)+1)-1,"") -> 46106 | V14: =IF(AND((3*7+4-($BA$3-1)+1)>=1,(3*7+4-($BA$3-1)+1)<=$BB$3),$AZ$3+(3*7+4-($BA$3-1)+1)-1,"") -> 46107 | W14: =IF(AND((3*7+5-($BA$3-1)+1)>=1,(3*7+5-($BA$3-1)+1)<=$BB$3),$AZ$3+(3*7+5-($BA$3-1)+1)-1,"") -> 46108 | X14: =IF(AND((3*7+6-($BA$3-1)+1)>=1,(3*7+6-($BA$3-1)+1)<=$BB$3),$AZ$3+(3*7+6-($BA$3-1)+1)-1,"") -> 46109
B15: =IF(B14="","",IFERROR("● "&INDEX('Release Calendar'!$B$5:$B$504,MATCH(B14,'Release Calendar'!$I$5:$I$504,0))&" · Start ","")&IFERROR("● "&INDEX('Release Calendar'!$B$5:$B$504,MATCH(B14,'Release Calendar'!$J$5:$J$504,0))&" · Target ","")) | C15: =IF(C14="","",IFERROR("● "&INDEX('Release Calendar'!$B$5:$B$504,MATCH(C14,'Release Calendar'!$I$5:$I$504,0))&" · Start ","")&IFERROR("● "&INDEX('Release Calendar'!$B$5:$B$504,MATCH(C14,'Release Calendar'!$J$5:$J$504,0))&" · Target ","")) | D15: =IF(D14="","",IFERROR("● "&INDEX('Release Calendar'!$B$5:$B$504,MATCH(D14,'Release Calendar'!$I$5:$I$504,0))&" · Start ","")&IFERROR("● "&INDEX('Release Calendar'!$B$5:$B$504,MATCH(D14,'Release Calendar'!$J$5:$J$504,0))&" · Target ","")) | E15: =IF(E14="","",IFERROR("● "&INDEX('Release Calendar'!$B$5:$B$504,MATCH(E14,'Release Calendar'!$I$5:$I$504,0))&" · Start ","")&IFERROR("● "&INDEX('Release Calendar'!$B$5:$B$504,MATCH(E14,'Release Calendar'!$J$5:$J$504,0))&" · Target ","")) | F15: =IF(F14="","",IFERROR("● "&INDEX('Release Calendar'!$B$5:$B$504,MATCH(F14,'Release Calendar'!$I$5:$I$504,0))&" · Start ","")&IFERROR("● "&INDEX('Release Calendar'!$B$5:$B$504,MATCH(F14,'Release Calendar'!$J$5:$J$504,0))&" · Target ","")) | G15: =IF(G14="","",IFERROR("● "&INDEX('Release Calendar'!$B$5:$B$504,MATCH(G14,'Release Calendar'!$I$5:$I$504,0))&" · Start ","")&IFERROR("● "&INDEX('Release Calendar'!$B$5:$B$504,MATCH(G14,'Release Calendar'!$J$5:$J$504,0))&" · Target ","")) | H15: =IF(H14="","",IFERROR("● "&INDEX('Release Calendar'!$B$5:$B$504,MATCH(H14,'Release Calendar'!$I$5:$I$504,0))&" · Start ","")&IFERROR("● "&INDEX('Release Calendar'!$B$5:$B$504,MATCH(H14,'Release Calendar'!$J$5:$J$504,0))&" · Target ","")) | J15: =IF(J14="","",IFERROR("● "&INDEX('Release Calendar'!$B$5:$B$504,MATCH(J14,'Release Calendar'!$I$5:$I$504,0))&" · Start ","")&IFERROR("● "&INDEX('Release Calendar'!$B$5:$B$504,MATCH(J14,'Release Calendar'!$J$5:$J$504,0))&" · Target ","")) | K15: =IF(K14="","",IFERROR("● "&INDEX('Release Calendar'!$B$5:$B$504,MATCH(K14,'Release Calendar'!$I$5:$I$504,0))&" · Start ","")&IFERROR("● "&INDEX('Release Calendar'!$B$5:$B$504,MATCH(K14,'Release Calendar'!$J$5:$J$504,0))&" · Target ","")) | L15: =IF(L14="","",IFERROR("● "&INDEX('Release Calendar'!$B$5:$B$504,MATCH(L14,'Release Calendar'!$I$5:$I$504,0))&" · Start ","")&IFERROR("● "&INDEX('Release Calendar'!$B$5:$B$504,MATCH(L14,'Release Calendar'!$J$5:$J$504,0))&" · Target ","")) | M15: =IF(M14="","",IFERROR("● "&INDEX('Release Calendar'!$B$5:$B$504,MATCH(M14,'Release Calendar'!$I$5:$I$504,0))&" · Start ","")&IFERROR("● "&INDEX('Release Calendar'!$B$5:$B$504,MATCH(M14,'Release Calendar'!$J$5:$J$504,0))&" · Target ","")) | N15: =IF(N14="","",IFERROR("● "&INDEX('Release Calendar'!$B$5:$B$504,MATCH(N14,'Release Calendar'!$I$5:$I$504,0))&" · Start ","")&IFERROR("● "&INDEX('Release Calendar'!$B$5:$B$504,MATCH(N14,'Release Calendar'!$J$5:$J$504,0))&" · Target ","")) | O15: =IF(O14="","",IFERROR("● "&INDEX('Release Calendar'!$B$5:$B$504,MATCH(O14,'Release Calendar'!$I$5:$I$504,0))&" · Start ","")&IFERROR("● "&INDEX('Release Calendar'!$B$5:$B$504,MATCH(O14,'Release Calendar'!$J$5:$J$504,0))&" · Target ","")) | P15: =IF(P14="","",IFERROR("● "&INDEX('Release Calendar'!$B$5:$B$504,MATCH(P14,'Release Calendar'!$I$5:$I$504,0))&" · Start ","")&IFERROR("● "&INDEX('Release Calendar'!$B$5:$B$504,MATCH(P14,'Release Calendar'!$J$5:$J$504,0))&" · Target ","")) | R15: =IF(R14="","",IFERROR("● "&INDEX('Release Calendar'!$B$5:$B$504,MATCH(R14,'Release Calendar'!$I$5:$I$504,0))&" · Start ","")&IFERROR("● "&INDEX('Release Calendar'!$B$5:$B$504,MATCH(R14,'Release Calendar'!$J$5:$J$504,0))&" · Target ","")) | S15: =IF(S14="","",IFERROR("● "&INDEX('Release Calendar'!$B$5:$B$504,MATCH(S14,'Release Calendar'!$I$5:$I$504,0))&" · Start ","")&IFERROR("● "&INDEX('Release Calendar'!$B$5:$B$504,MATCH(S14,'Release Calendar'!$J$5:$J$504,0))&" · Target ","")) | T15: =IF(T14="","",IFERROR("● "&INDEX('Release Calendar'!$B$5:$B$504,MATCH(T14,'Release Calendar'!$I$5:$I$504,0))&" · Start ","")&IFERROR("● "&INDEX('Release Calendar'!$B$5:$B$504,MATCH(T14,'Release Calendar'!$J$5:$J$504,0))&" · Target ","")) | U15: =IF(U14="","",IFERROR("● "&INDEX('Release Calendar'!$B$5:$B$504,MATCH(U14,'Release Calendar'!$I$5:$I$504,0))&" · Start ","")&IFERROR("● "&INDEX('Release Calendar'!$B$5:$B$504,MATCH(U14,'Release Calendar'!$J$5:$J$504,0))&" · Target ","")) | V15: =IF(V14="","",IFERROR("● "&INDEX('Release Calendar'!$B$5:$B$504,MATCH(V14,'Release Calendar'!$I$5:$I$504,0))&" · Start ","")&IFERROR("● "&INDEX('Release Calendar'!$B$5:$B$504,MATCH(V14,'Release Calendar'!$J$5:$J$504,0))&" · Target ","")) | W15: =IF(W14="","",IFERROR("● "&INDEX('Release Calendar'!$B$5:$B$504,MATCH(W14,'Release Calendar'!$I$5:$I$504,0))&" · Start ","")&IFERROR("● "&INDEX('Release Calendar'!$B$5:$B$504,MATCH(W14,'Release Calendar'!$J$5:$J$504,0))&" · Target ","")) | X15: =IF(X14="","",IFERROR("● "&INDEX('Release Calendar'!$B$5:$B$504,MATCH(X14,'Release Calendar'!$I$5:$I$504,0))&" · Start ","")&IFERROR("● "&INDEX('Release Calendar'!$B$5:$B$504,MATCH(X14,'Release Calendar'!$J$5:$J$504,0))&" · Target ",""))
B16: =IF(AND((4*7+0-($BA$1-1)+1)>=1,(4*7+0-($BA$1-1)+1)<=$BB$1),$AZ$1+(4*7+0-($BA$1-1)+1)-1,"") -> 46047 | C16: =IF(AND((4*7+1-($BA$1-1)+1)>=1,(4*7+1-($BA$1-1)+1)<=$BB$1),$AZ$1+(4*7+1-($BA$1-1)+1)-1,"") -> 46048 | D16: =IF(AND((4*7+2-($BA$1-1)+1)>=1,(4*7+2-($BA$1-1)+1)<=$BB$1),$AZ$1+(4*7+2-($BA$1-1)+1)-1,"") -> 46049 | E16: =IF(AND((4*7+3-($BA$1-1)+1)>=1,(4*7+3-($BA$1-1)+1)<=$BB$1),$AZ$1+(4*7+3-($BA$1-1)+1)-1,"") -> 46050 | F16: =IF(AND((4*7+4-($BA$1-1)+1)>=1,(4*7+4-($BA$1-1)+1)<=$BB$1),$AZ$1+(4*7+4-($BA$1-1)+1)-1,"") -> 46051 | G16: =IF(AND((4*7+5-($BA$1-1)+1)>=1,(4*7+5-($BA$1-1)+1)<=$BB$1),$AZ$1+(4*7+5-($BA$1-1)+1)-1,"") -> 46052 | H16: =IF(AND((4*7+6-($BA$1-1)+1)>=1,(4*7+6-($BA$1-1)+1)<=$BB$1),$AZ$1+(4*7+6-($BA$1-1)+1)-1,"") -> 46053 | J16: =IF(AND((4*7+0-($BA$2-1)+1)>=1,(4*7+0-($BA$2-1)+1)<=$BB$2),$AZ$2+(4*7+0-($BA$2-1)+1)-1,"") | K16: =IF(AND((4*7+1-($BA$2-1)+1)>=1,(4*7+1-($BA$2-1)+1)<=$BB$2),$AZ$2+(4*7+1-($BA$2-1)+1)-1,"") | L16: =IF(AND((4*7+2-($BA$2-1)+1)>=1,(4*7+2-($BA$2-1)+1)<=$BB$2),$AZ$2+(4*7+2-($BA$2-1)+1)-1,"") | M16: =IF(AND((4*7+3-($BA$2-1)+1)>=1,(4*7+3-($BA$2-1)+1)<=$BB$2),$AZ$2+(4*7+3-($BA$2-1)+1)-1,"") | N16: =IF(AND((4*7+4-($BA$2-1)+1)>=1,(4*7+4-($BA$2-1)+1)<=$BB$2),$AZ$2+(4*7+4-($BA$2-1)+1)-1,"") | O16: =IF(AND((4*7+5-($BA$2-1)+1)>=1,(4*7+5-($BA$2-1)+1)<=$BB$2),$AZ$2+(4*7+5-($BA$2-1)+1)-1,"") | P16: =IF(AND((4*7+6-($BA$2-1)+1)>=1,(4*7+6-($BA$2-1)+1)<=$BB$2),$AZ$2+(4*7+6-($BA$2-1)+1)-1,"") | R16: =IF(AND((4*7+0-($BA$3-1)+1)>=1,(4*7+0-($BA$3-1)+1)<=$BB$3),$AZ$3+(4*7+0-($BA$3-1)+1)-1,"") -> 46110 | S16: =IF(AND((4*7+1-($BA$3-1)+1)>=1,(4*7+1-($BA$3-1)+1)<=$BB$3),$AZ$3+(4*7+1-($BA$3-1)+1)-1,"") -> 46111 | T16: =IF(AND((4*7+2-($BA$3-1)+1)>=1,(4*7+2-($BA$3-1)+1)<=$BB$3),$AZ$3+(4*7+2-($BA$3-1)+1)-1,"") -> 46112 | U16: =IF(AND((4*7+3-($BA$3-1)+1)>=1,(4*7+3-($BA$3-1)+1)<=$BB$3),$AZ$3+(4*7+3-($BA$3-1)+1)-1,"") | V16: =IF(AND((4*7+4-($BA$3-1)+1)>=1,(4*7+4-($BA$3-1)+1)<=$BB$3),$AZ$3+(4*7+4-($BA$3-1)+1)-1,"") | W16: =IF(AND((4*7+5-($BA$3-1)+1)>=1,(4*7+5-($BA$3-1)+1)<=$BB$3),$AZ$3+(4*7+5-($BA$3-1)+1)-1,"") | X16: =IF(AND((4*7+6-($BA$3-1)+1)>=1,(4*7+6-($BA$3-1)+1)<=$BB$3),$AZ$3+(4*7+6-($BA$3-1)+1)-1,"")
B17: =IF(B16="","",IFERROR("● "&INDEX('Release Calendar'!$B$5:$B$504,MATCH(B16,'Release Calendar'!$I$5:$I$504,0))&" · Start ","")&IFERROR("● "&INDEX('Release Calendar'!$B$5:$B$504,MATCH(B16,'Release Calendar'!$J$5:$J$504,0))&" · Target ","")) | C17: =IF(C16="","",IFERROR("● "&INDEX('Release Calendar'!$B$5:$B$504,MATCH(C16,'Release Calendar'!$I$5:$I$504,0))&" · Start ","")&IFERROR("● "&INDEX('Release Calendar'!$B$5:$B$504,MATCH(C16,'Release Calendar'!$J$5:$J$504,0))&" · Target ","")) | D17: =IF(D16="","",IFERROR("● "&INDEX('Release Calendar'!$B$5:$B$504,MATCH(D16,'Release Calendar'!$I$5:$I$504,0))&" · Start ","")&IFERROR("● "&INDEX('Release Calendar'!$B$5:$B$504,MATCH(D16,'Release Calendar'!$J$5:$J$504,0))&" · Target ","")) | E17: =IF(E16="","",IFERROR("● "&INDEX('Release Calendar'!$B$5:$B$504,MATCH(E16,'Release Calendar'!$I$5:$I$504,0))&" · Start ","")&IFERROR("● "&INDEX('Release Calendar'!$B$5:$B$504,MATCH(E16,'Release Calendar'!$J$5:$J$504,0))&" · Target ","")) | F17: =IF(F16="","",IFERROR("● "&INDEX('Release Calendar'!$B$5:$B$504,MATCH(F16,'Release Calendar'!$I$5:$I$504,0))&" · Start ","")&IFERROR("● "&INDEX('Release Calendar'!$B$5:$B$504,MATCH(F16,'Release Calendar'!$J$5:$J$504,0))&" · Target ","")) | G17: =IF(G16="","",IFERROR("● "&INDEX('Release Calendar'!$B$5:$B$504,MATCH(G16,'Release Calendar'!$I$5:$I$504,0))&" · Start ","")&IFERROR("● "&INDEX('Release Calendar'!$B$5:$B$504,MATCH(G16,'Release Calendar'!$J$5:$J$504,0))&" · Target ","")) | H17: =IF(H16="","",IFERROR("● "&INDEX('Release Calendar'!$B$5:$B$504,MATCH(H16,'Release Calendar'!$I$5:$I$504,0))&" · Start ","")&IFERROR("● "&INDEX('Release Calendar'!$B$5:$B$504,MATCH(H16,'Release Calendar'!$J$5:$J$504,0))&" · Target ","")) | J17: =IF(J16="","",IFERROR("● "&INDEX('Release Calendar'!$B$5:$B$504,MATCH(J16,'Release Calendar'!$I$5:$I$504,0))&" · Start ","")&IFERROR("● "&INDEX('Release Calendar'!$B$5:$B$504,MATCH(J16,'Release Calendar'!$J$5:$J$504,0))&" · Target ","")) | K17: =IF(K16="","",IFERROR("● "&INDEX('Release Calendar'!$B$5:$B$504,MATCH(K16,'Release Calendar'!$I$5:$I$504,0))&" · Start ","")&IFERROR("● "&INDEX('Release Calendar'!$B$5:$B$504,MATCH(K16,'Release Calendar'!$J$5:$J$504,0))&" · Target ","")) | L17: =IF(L16="","",IFERROR("● "&INDEX('Release Calendar'!$B$5:$B$504,MATCH(L16,'Release Calendar'!$I$5:$I$504,0))&" · Start ","")&IFERROR("● "&INDEX('Release Calendar'!$B$5:$B$504,MATCH(L16,'Release Calendar'!$J$5:$J$504,0))&" · Target ","")) | M17: =IF(M16="","",IFERROR("● "&INDEX('Release Calendar'!$B$5:$B$504,MATCH(M16,'Release Calendar'!$I$5:$I$504,0))&" · Start ","")&IFERROR("● "&INDEX('Release Calendar'!$B$5:$B$504,MATCH(M16,'Release Calendar'!$J$5:$J$504,0))&" · Target ","")) | N17: =IF(N16="","",IFERROR("● "&INDEX('Release Calendar'!$B$5:$B$504,MATCH(N16,'Release Calendar'!$I$5:$I$504,0))&" · Start ","")&IFERROR("● "&INDEX('Release Calendar'!$B$5:$B$504,MATCH(N16,'Release Calendar'!$J$5:$J$504,0))&" · Target ","")) | O17: =IF(O16="","",IFERROR("● "&INDEX('Release Calendar'!$B$5:$B$504,MATCH(O16,'Release Calendar'!$I$5:$I$504,0))&" · Start ","")&IFERROR("● "&INDEX('Release Calendar'!$B$5:$B$504,MATCH(O16,'Release Calendar'!$J$5:$J$504,0))&" · Target ","")) | P17: =IF(P16="","",IFERROR("● "&INDEX('Release Calendar'!$B$5:$B$504,MATCH(P16,'Release Calendar'!$I$5:$I$504,0))&" · Start ","")&IFERROR("● "&INDEX('Release Calendar'!$B$5:$B$504,MATCH(P16,'Release Calendar'!$J$5:$J$504,0))&" · Target ","")) | R17: =IF(R16="","",IFERROR("● "&INDEX('Release Calendar'!$B$5:$B$504,MATCH(R16,'Release Calendar'!$I$5:$I$504,0))&" · Start ","")&IFERROR("● "&INDEX('Release Calendar'!$B$5:$B$504,MATCH(R16,'Release Calendar'!$J$5:$J$504,0))&" · Target ","")) | S17: =IF(S16="","",IFERROR("● "&INDEX('Release Calendar'!$B$5:$B$504,MATCH(S16,'Release Calendar'!$I$5:$I$504,0))&" · Start ","")&IFERROR("● "&INDEX('Release Calendar'!$B$5:$B$504,MATCH(S16,'Release Calendar'!$J$5:$J$504,0))&" · Target ","")) | T17: =IF(T16="","",IFERROR("● "&INDEX('Release Calendar'!$B$5:$B$504,MATCH(T16,'Release Calendar'!$I$5:$I$504,0))&" · Start ","")&IFERROR("● "&INDEX('Release Calendar'!$B$5:$B$504,MATCH(T16,'Release Calendar'!$J$5:$J$504,0))&" · Target ","")) | U17: =IF(U16="","",IFERROR("● "&INDEX('Release Calendar'!$B$5:$B$504,MATCH(U16,'Release Calendar'!$I$5:$I$504,0))&" · Start ","")&IFERROR("● "&INDEX('Release Calendar'!$B$5:$B$504,MATCH(U16,'Release Calendar'!$J$5:$J$504,0))&" · Target ","")) | V17: =IF(V16="","",IFERROR("● "&INDEX('Release Calendar'!$B$5:$B$504,MATCH(V16,'Release Calendar'!$I$5:$I$504,0))&" · Start ","")&IFERROR("● "&INDEX('Release Calendar'!$B$5:$B$504,MATCH(V16,'Release Calendar'!$J$5:$J$504,0))&" · Target ","")) | W17: =IF(W16="","",IFERROR("● "&INDEX('Release Calendar'!$B$5:$B$504,MATCH(W16,'Release Calendar'!$I$5:$I$504,0))&" · Start ","")&IFERROR("● "&INDEX('Release Calendar'!$B$5:$B$504,MATCH(W16,'Release Calendar'!$J$5:$J$504,0))&" · Target ","")) | X17: =IF(X16="","",IFERROR("● "&INDEX('Release Calendar'!$B$5:$B$504,MATCH(X16,'Release Calendar'!$I$5:$I$504,0))&" · Start ","")&IFERROR("● "&INDEX('Release Calendar'!$B$5:$B$504,MATCH(X16,'Release Calendar'!$J$5:$J$504,0))&" · Target ",""))
B18: =IF(AND((5*7+0-($BA$1-1)+1)>=1,(5*7+0-($BA$1-1)+1)<=$BB$1),$AZ$1+(5*7+0-($BA$1-1)+1)-1,"") | C18: =IF(AND((5*7+1-($BA$1-1)+1)>=1,(5*7+1-($BA$1-1)+1)<=$BB$1),$AZ$1+(5*7+1-($BA$1-1)+1)-1,"") | D18: =IF(AND((5*7+2-($BA$1-1)+1)>=1,(5*7+2-($BA$1-1)+1)<=$BB$1),$AZ$1+(5*7+2-($BA$1-1)+1)-1,"") | E18: =IF(AND((5*7+3-($BA$1-1)+1)>=1,(5*7+3-($BA$1-1)+1)<=$BB$1),$AZ$1+(5*7+3-($BA$1-1)+1)-1,"") | F18: =IF(AND((5*7+4-($BA$1-1)+1)>=1,(5*7+4-($BA$1-1)+1)<=$BB$1),$AZ$1+(5*7+4-($BA$1-1)+1)-1,"") | G18: =IF(AND((5*7+5-($BA$1-1)+1)>=1,(5*7+5-($BA$1-1)+1)<=$BB$1),$AZ$1+(5*7+5-($BA$1-1)+1)-1,"") | H18: =IF(AND((5*7+6-($BA$1-1)+1)>=1,(5*7+6-($BA$1-1)+1)<=$BB$1),$AZ$1+(5*7+6-($BA$1-1)+1)-1,"") | J18: =IF(AND((5*7+0-($BA$2-1)+1)>=1,(5*7+0-($BA$2-1)+1)<=$BB$2),$AZ$2+(5*7+0-($BA$2-1)+1)-1,"") | K18: =IF(AND((5*7+1-($BA$2-1)+1)>=1,(5*7+1-($BA$2-1)+1)<=$BB$2),$AZ$2+(5*7+1-($BA$2-1)+1)-1,"") | L18: =IF(AND((5*7+2-($BA$2-1)+1)>=1,(5*7+2-($BA$2-1)+1)<=$BB$2),$AZ$2+(5*7+2-($BA$2-1)+1)-1,"") | M18: =IF(AND((5*7+3-($BA$2-1)+1)>=1,(5*7+3-($BA$2-1)+1)<=$BB$2),$AZ$2+(5*7+3-($BA$2-1)+1)-1,"") | N18: =IF(AND((5*7+4-($BA$2-1)+1)>=1,(5*7+4-($BA$2-1)+1)<=$BB$2),$AZ$2+(5*7+4-($BA$2-1)+1)-1,"") | O18: =IF(AND((5*7+5-($BA$2-1)+1)>=1,(5*7+5-($BA$2-1)+1)<=$BB$2),$AZ$2+(5*7+5-($BA$2-1)+1)-1,"") | P18: =IF(AND((5*7+6-($BA$2-1)+1)>=1,(5*7+6-($BA$2-1)+1)<=$BB$2),$AZ$2+(5*7+6-($BA$2-1)+1)-1,"") | R18: =IF(AND((5*7+0-($BA$3-1)+1)>=1,(5*7+0-($BA$3-1)+1)<=$BB$3),$AZ$3+(5*7+0-($BA$3-1)+1)-1,"") | S18: =IF(AND((5*7+1-($BA$3-1)+1)>=1,(5*7+1-($BA$3-1)+1)<=$BB$3),$AZ$3+(5*7+1-($BA$3-1)+1)-1,"") | T18: =IF(AND((5*7+2-($BA$3-1)+1)>=1,(5*7+2-($BA$3-1)+1)<=$BB$3),$AZ$3+(5*7+2-($BA$3-1)+1)-1,"") | U18: =IF(AND((5*7+3-($BA$3-1)+1)>=1,(5*7+3-($BA$3-1)+1)<=$BB$3),$AZ$3+(5*7+3-($BA$3-1)+1)-1,"") | V18: =IF(AND((5*7+4-($BA$3-1)+1)>=1,(5*7+4-($BA$3-1)+1)<=$BB$3),$AZ$3+(5*7+4-($BA$3-1)+1)-1,"") | W18: =IF(AND((5*7+5-($BA$3-1)+1)>=1,(5*7+5-($BA$3-1)+1)<=$BB$3),$AZ$3+(5*7+5-($BA$3-1)+1)-1,"") | X18: =IF(AND((5*7+6-($BA$3-1)+1)>=1,(5*7+6-($BA$3-1)+1)<=$BB$3),$AZ$3+(5*7+6-($BA$3-1)+1)-1,"")
B19: =IF(B18="","",IFERROR("● "&INDEX('Release Calendar'!$B$5:$B$504,MATCH(B18,'Release Calendar'!$I$5:$I$504,0))&" · Start ","")&IFERROR("● "&INDEX('Release Calendar'!$B$5:$B$504,MATCH(B18,'Release Calendar'!$J$5:$J$504,0))&" · Target ","")) | C19: =IF(C18="","",IFERROR("● "&INDEX('Release Calendar'!$B$5:$B$504,MATCH(C18,'Release Calendar'!$I$5:$I$504,0))&" · Start ","")&IFERROR("● "&INDEX('Release Calendar'!$B$5:$B$504,MATCH(C18,'Release Calendar'!$J$5:$J$504,0))&" · Target ","")) | D19: =IF(D18="","",IFERROR("● "&INDEX('Release Calendar'!$B$5:$B$504,MATCH(D18,'Release Calendar'!$I$5:$I$504,0))&" · Start ","")&IFERROR("● "&INDEX('Release Calendar'!$B$5:$B$504,MATCH(D18,'Release Calendar'!$J$5:$J$504,0))&" · Target ","")) | E19: =IF(E18="","",IFERROR("● "&INDEX('Release Calendar'!$B$5:$B$504,MATCH(E18,'Release Calendar'!$I$5:$I$504,0))&" · Start ","")&IFERROR("● "&INDEX('Release Calendar'!$B$5:$B$504,MATCH(E18,'Release Calendar'!$J$5:$J$504,0))&" · Target ","")) | F19: =IF(F18="","",IFERROR("● "&INDEX('Release Calendar'!$B$5:$B$504,MATCH(F18,'Release Calendar'!$I$5:$I$504,0))&" · Start ","")&IFERROR("● "&INDEX('Release Calendar'!$B$5:$B$504,MATCH(F18,'Release Calendar'!$J$5:$J$504,0))&" · Target ","")) | G19: =IF(G18="","",IFERROR("● "&INDEX('Release Calendar'!$B$5:$B$504,MATCH(G18,'Release Calendar'!$I$5:$I$504,0))&" · Start ","")&IFERROR("● "&INDEX('Release Calendar'!$B$5:$B$504,MATCH(G18,'Release Calendar'!$J$5:$J$504,0))&" · Target ","")) | H19: =IF(H18="","",IFERROR("● "&INDEX('Release Calendar'!$B$5:$B$504,MATCH(H18,'Release Calendar'!$I$5:$I$504,0))&" · Start ","")&IFERROR("● "&INDEX('Release Calendar'!$B$5:$B$504,MATCH(H18,'Release Calendar'!$J$5:$J$504,0))&" · Target ","")) | J19: =IF(J18="","",IFERROR("● "&INDEX('Release Calendar'!$B$5:$B$504,MATCH(J18,'Release Calendar'!$I$5:$I$504,0))&" · Start ","")&IFERROR("● "&INDEX('Release Calendar'!$B$5:$B$504,MATCH(J18,'Release Calendar'!$J$5:$J$504,0))&" · Target ","")) | K19: =IF(K18="","",IFERROR("● "&INDEX('Release Calendar'!$B$5:$B$504,MATCH(K18,'Release Calendar'!$I$5:$I$504,0))&" · Start ","")&IFERROR("● "&INDEX('Release Calendar'!$B$5:$B$504,MATCH(K18,'Release Calendar'!$J$5:$J$504,0))&" · Target ","")) | L19: =IF(L18="","",IFERROR("● "&INDEX('Release Calendar'!$B$5:$B$504,MATCH(L18,'Release Calendar'!$I$5:$I$504,0))&" · Start ","")&IFERROR("● "&INDEX('Release Calendar'!$B$5:$B$504,MATCH(L18,'Release Calendar'!$J$5:$J$504,0))&" · Target ","")) | M19: =IF(M18="","",IFERROR("● "&INDEX('Release Calendar'!$B$5:$B$504,MATCH(M18,'Release Calendar'!$I$5:$I$504,0))&" · Start ","")&IFERROR("● "&INDEX('Release Calendar'!$B$5:$B$504,MATCH(M18,'Release Calendar'!$J$5:$J$504,0))&" · Target ","")) | N19: =IF(N18="","",IFERROR("● "&INDEX('Release Calendar'!$B$5:$B$504,MATCH(N18,'Release Calendar'!$I$5:$I$504,0))&" · Start ","")&IFERROR("● "&INDEX('Release Calendar'!$B$5:$B$504,MATCH(N18,'Release Calendar'!$J$5:$J$504,0))&" · Target ","")) | O19: =IF(O18="","",IFERROR("● "&INDEX('Release Calendar'!$B$5:$B$504,MATCH(O18,'Release Calendar'!$I$5:$I$504,0))&" · Start ","")&IFERROR("● "&INDEX('Release Calendar'!$B$5:$B$504,MATCH(O18,'Release Calendar'!$J$5:$J$504,0))&" · Target ","")) | P19: =IF(P18="","",IFERROR("● "&INDEX('Release Calendar'!$B$5:$B$504,MATCH(P18,'Release Calendar'!$I$5:$I$504,0))&" · Start ","")&IFERROR("● "&INDEX('Release Calendar'!$B$5:$B$504,MATCH(P18,'Release Calendar'!$J$5:$J$504,0))&" · Target ","")) | R19: =IF(R18="","",IFERROR("● "&INDEX('Release Calendar'!$B$5:$B$504,MATCH(R18,'Release Calendar'!$I$5:$I$504,0))&" · Start ","")&IFERROR("● "&INDEX('Release Calendar'!$B$5:$B$504,MATCH(R18,'Release Calendar'!$J$5:$J$504,0))&" · Target ","")) | S19: =IF(S18="","",IFERROR("● "&INDEX('Release Calendar'!$B$5:$B$504,MATCH(S18,'Release Calendar'!$I$5:$I$504,0))&" · Start ","")&IFERROR("● "&INDEX('Release Calendar'!$B$5:$B$504,MATCH(S18,'Release Calendar'!$J$5:$J$504,0))&" · Target ","")) | T19: =IF(T18="","",IFERROR("● "&INDEX('Release Calendar'!$B$5:$B$504,MATCH(T18,'Release Calendar'!$I$5:$I$504,0))&" · Start ","")&IFERROR("● "&INDEX('Release Calendar'!$B$5:$B$504,MATCH(T18,'Release Calendar'!$J$5:$J$504,0))&" · Target ","")) | U19: =IF(U18="","",IFERROR("● "&INDEX('Release Calendar'!$B$5:$B$504,MATCH(U18,'Release Calendar'!$I$5:$I$504,0))&" · Start ","")&IFERROR("● "&INDEX('Release Calendar'!$B$5:$B$504,MATCH(U18,'Release Calendar'!$J$5:$J$504,0))&" · Target ","")) | V19: =IF(V18="","",IFERROR("● "&INDEX('Release Calendar'!$B$5:$B$504,MATCH(V18,'Release Calendar'!$I$5:$I$504,0))&" · Start ","")&IFERROR("● "&INDEX('Release Calendar'!$B$5:$B$504,MATCH(V18,'Release Calendar'!$J$5:$J$504,0))&" · Target ","")) | W19: =IF(W18="","",IFERROR("● "&INDEX('Release Calendar'!$B$5:$B$504,MATCH(W18,'Release Calendar'!$I$5:$I$504,0))&" · Start ","")&IFERROR("● "&INDEX('Release Calendar'!$B$5:$B$504,MATCH(W18,'Release Calendar'!$J$5:$J$504,0))&" · Target ","")) | X19: =IF(X18="","",IFERROR("● "&INDEX('Release Calendar'!$B$5:$B$504,MATCH(X18,'Release Calendar'!$I$5:$I$504,0))&" · Start ","")&IFERROR("● "&INDEX('Release Calendar'!$B$5:$B$504,MATCH(X18,'Release Calendar'!$J$5:$J$504,0))&" · Target ",""))
B21: =TEXT(DATE($B$4,4,1),"mmmm") -> April | J21: =TEXT(DATE($B$4,5,1),"mmmm") -> May | R21: =TEXT(DATE($B$4,6,1),"mmmm") -> June
B22: SUN | C22: MON | D22: TUE | E22: WED | F22: THU | G22: FRI | H22: SAT | J22: SUN | K22: MON | L22: TUE | M22: WED | N22: THU | O22: FRI | P22: SAT | R22: SUN | S22: MON | T22: TUE | U22: WED | V22: THU | W22: FRI | X22: SAT
B23: =IF(AND((0*7+0-($BA$4-1)+1)>=1,(0*7+0-($BA$4-1)+1)<=$BB$4),$AZ$4+(0*7+0-($BA$4-1)+1)-1,"") | C23: =IF(AND((0*7+1-($BA$4-1)+1)>=1,(0*7+1-($BA$4-1)+1)<=$BB$4),$AZ$4+(0*7+1-($BA$4-1)+1)-1,"") | D23: =IF(AND((0*7+2-($BA$4-1)+1)>=1,(0*7+2-($BA$4-1)+1)<=$BB$4),$AZ$4+(0*7+2-($BA$4-1)+1)-1,"") | E23: =IF(AND((0*7+3-($BA$4-1)+1)>=1,(0*7+3-($BA$4-1)+1)<=$BB$4),$AZ$4+(0*7+3-($BA$4-1)+1)-1,"") -> 46113 | F23: =IF(AND((0*7+4-($BA$4-1)+1)>=1,(0*7+4-($BA$4-1)+1)<=$BB$4),$AZ$4+(0*7+4-($BA$4-1)+1)-1,"") -> 46114 | G23: =IF(AND((0*7+5-($BA$4-1)+1)>=1,(0*7+5-($BA$4-1)+1)<=$BB$4),$AZ$4+(0*7+5-($BA$4-1)+1)-1,"") -> 46115 | H23: =IF(AND((0*7+6-($BA$4-1)+1)>=1,(0*7+6-($BA$4-1)+1)<=$BB$4),$AZ$4+(0*7+6-($BA$4-1)+1)-1,"") -> 46116 | J23: =IF(AND((0*7+0-($BA$5-1)+1)>=1,(0*7+0-($BA$5-1)+1)<=$BB$5),$AZ$5+(0*7+0-($BA$5-1)+1)-1,"") | K23: =IF(AND((0*7+1-($BA$5-1)+1)>=1,(0*7+1-($BA$5-1)+1)<=$BB$5),$AZ$5+(0*7+1-($BA$5-1)+1)-1,"") | L23: =IF(AND((0*7+2-($BA$5-1)+1)>=1,(0*7+2-($BA$5-1)+1)<=$BB$5),$AZ$5+(0*7+2-($BA$5-1)+1)-1,"") | M23: =IF(AND((0*7+3-($BA$5-1)+1)>=1,(0*7+3-($BA$5-1)+1)<=$BB$5),$AZ$5+(0*7+3-($BA$5-1)+1)-1,"") | N23: =IF(AND((0*7+4-($BA$5-1)+1)>=1,(0*7+4-($BA$5-1)+1)<=$BB$5),$AZ$5+(0*7+4-($BA$5-1)+1)-1,"") | O23: =IF(AND((0*7+5-($BA$5-1)+1)>=1,(0*7+5-($BA$5-1)+1)<=$BB$5),$AZ$5+(0*7+5-($BA$5-1)+1)-1,"") -> 46143 | P23: =IF(AND((0*7+6-($BA$5-1)+1)>=1,(0*7+6-($BA$5-1)+1)<=$BB$5),$AZ$5+(0*7+6-($BA$5-1)+1)-1,"") -> 46144 | R23: =IF(AND((0*7+0-($BA$6-1)+1)>=1,(0*7+0-($BA$6-1)+1)<=$BB$6),$AZ$6+(0*7+0-($BA$6-1)+1)-1,"") | S23: =IF(AND((0*7+1-($BA$6-1)+1)>=1,(0*7+1-($BA$6-1)+1)<=$BB$6),$AZ$6+(0*7+1-($BA$6-1)+1)-1,"") -> 46174 | T23: =IF(AND((0*7+2-($BA$6-1)+1)>=1,(0*7+2-($BA$6-1)+1)<=$BB$6),$AZ$6+(0*7+2-($BA$6-1)+1)-1,"") -> 46175 | U23: =IF(AND((0*7+3-($BA$6-1)+1)>=1,(0*7+3-($BA$6-1)+1)<=$BB$6),$AZ$6+(0*7+3-($BA$6-1)+1)-1,"") -> 46176 | V23: =IF(AND((0*7+4-($BA$6-1)+1)>=1,(0*7+4-($BA$6-1)+1)<=$BB$6),$AZ$6+(0*7+4-($BA$6-1)+1)-1,"") -> 46177 | W23: =IF(AND((0*7+5-($BA$6-1)+1)>=1,(0*7+5-($BA$6-1)+1)<=$BB$6),$AZ$6+(0*7+5-($BA$6-1)+1)-1,"") -> 46178 | X23: =IF(AND((0*7+6-($BA$6-1)+1)>=1,(0*7+6-($BA$6-1)+1)<=$BB$6),$AZ$6+(0*7+6-($BA$6-1)+1)-1,"") -> 46179
B24: =IF(B23="","",IFERROR("● "&INDEX('Release Calendar'!$B$5:$B$504,MATCH(B23,'Release Calendar'!$I$5:$I$504,0))&" · Start ","")&IFERROR("● "&INDEX('Release Calendar'!$B$5:$B$504,MATCH(B23,'Release Calendar'!$J$5:$J$504,0))&" · Target ","")) | C24: =IF(C23="","",IFERROR("● "&INDEX('Release Calendar'!$B$5:$B$504,MATCH(C23,'Release Calendar'!$I$5:$I$504,0))&" · Start ","")&IFERROR("● "&INDEX('Release Calendar'!$B$5:$B$504,MATCH(C23,'Release Calendar'!$J$5:$J$504,0))&" · Target ","")) | D24: =IF(D23="","",IFERROR("● "&INDEX('Release Calendar'!$B$5:$B$504,MATCH(D23,'Release Calendar'!$I$5:$I$504,0))&" · Start ","")&IFERROR("● "&INDEX('Release Calendar'!$B$5:$B$504,MATCH(D23,'Release Calendar'!$J$5:$J$504,0))&" · Target ","")) | E24: =IF(E23="","",IFERROR("● "&INDEX('Release Calendar'!$B$5:$B$504,MATCH(E23,'Release Calendar'!$I$5:$I$504,0))&" · Start ","")&IFERROR("● "&INDEX('Release Calendar'!$B$5:$B$504,MATCH(E23,'Release Calendar'!$J$5:$J$504,0))&" · Target ","")) | F24: =IF(F23="","",IFERROR("● "&INDEX('Release Calendar'!$B$5:$B$504,MATCH(F23,'Release Calendar'!$I$5:$I$504,0))&" · Start ","")&IFERROR("● "&INDEX('Release Calendar'!$B$5:$B$504,MATCH(F23,'Release Calendar'!$J$5:$J$504,0))&" · Target ","")) | G24: =IF(G23="","",IFERROR("● "&INDEX('Release Calendar'!$B$5:$B$504,MATCH(G23,'Release Calendar'!$I$5:$I$504,0))&" · Start ","")&IFERROR("● "&INDEX('Release Calendar'!$B$5:$B$504,MATCH(G23,'Release Calendar'!$J$5:$J$504,0))&" · Target ","")) | H24: =IF(H23="","",IFERROR("● "&INDEX('Release Calendar'!$B$5:$B$504,MATCH(H23,'Release Calendar'!$I$5:$I$504,0))&" · Start ","")&IFERROR("● "&INDEX('Release Calendar'!$B$5:$B$504,MATCH(H23,'Release Calendar'!$J$5:$J$504,0))&" · Target ","")) | J24: =IF(J23="","",IFERROR("● "&INDEX('Release Calendar'!$B$5:$B$504,MATCH(J23,'Release Calendar'!$I$5:$I$504,0))&" · Start ","")&IFERROR("● "&INDEX('Release Calendar'!$B$5:$B$504,MATCH(J23,'Release Calendar'!$J$5:$J$504,0))&" · Target ","")) | K24: =IF(K23="","",IFERROR("● "&INDEX('Release Calendar'!$B$5:$B$504,MATCH(K23,'Release Calendar'!$I$5:$I$504,0))&" · Start ","")&IFERROR("● "&INDEX('Release Calendar'!$B$5:$B$504,MATCH(K23,'Release Calendar'!$J$5:$J$504,0))&" · Target ","")) | L24: =IF(L23="","",IFERROR("● "&INDEX('Release Calendar'!$B$5:$B$504,MATCH(L23,'Release Calendar'!$I$5:$I$504,0))&" · Start ","")&IFERROR("● "&INDEX('Release Calendar'!$B$5:$B$504,MATCH(L23,'Release Calendar'!$J$5:$J$504,0))&" · Target ","")) | M24: =IF(M23="","",IFERROR("● "&INDEX('Release Calendar'!$B$5:$B$504,MATCH(M23,'Release Calendar'!$I$5:$I$504,0))&" · Start ","")&IFERROR("● "&INDEX('Release Calendar'!$B$5:$B$504,MATCH(M23,'Release Calendar'!$J$5:$J$504,0))&" · Target ","")) | N24: =IF(N23="","",IFERROR("● "&INDEX('Release Calendar'!$B$5:$B$504,MATCH(N23,'Release Calendar'!$I$5:$I$504,0))&" · Start ","")&IFERROR("● "&INDEX('Release Calendar'!$B$5:$B$504,MATCH(N23,'Release Calendar'!$J$5:$J$504,0))&" · Target ","")) | O24: =IF(O23="","",IFERROR("● "&INDEX('Release Calendar'!$B$5:$B$504,MATCH(O23,'Release Calendar'!$I$5:$I$504,0))&" · Start ","")&IFERROR("● "&INDEX('Release Calendar'!$B$5:$B$504,MATCH(O23,'Release Calendar'!$J$5:$J$504,0))&" · Target ","")) | P24: =IF(P23="","",IFERROR("● "&INDEX('Release Calendar'!$B$5:$B$504,MATCH(P23,'Release Calendar'!$I$5:$I$504,0))&" · Start ","")&IFERROR("● "&INDEX('Release Calendar'!$B$5:$B$504,MATCH(P23,'Release Calendar'!$J$5:$J$504,0))&" · Target ","")) | R24: =IF(R23="","",IFERROR("● "&INDEX('Release Calendar'!$B$5:$B$504,MATCH(R23,'Release Calendar'!$I$5:$I$504,0))&" · Start ","")&IFERROR("● "&INDEX('Release Calendar'!$B$5:$B$504,MATCH(R23,'Release Calendar'!$J$5:$J$504,0))&" · Target ","")) | S24: =IF(S23="","",IFERROR("● "&INDEX('Release Calendar'!$B$5:$B$504,MATCH(S23,'Release Calendar'!$I$5:$I$504,0))&" · Start ","")&IFERROR("● "&INDEX('Release Calendar'!$B$5:$B$504,MATCH(S23,'Release Calendar'!$J$5:$J$504,0))&" · Target ","")) | T24: =IF(T23="","",IFERROR("● "&INDEX('Release Calendar'!$B$5:$B$504,MATCH(T23,'Release Calendar'!$I$5:$I$504,0))&" · Start ","")&IFERROR("● "&INDEX('Release Calendar'!$B$5:$B$504,MATCH(T23,'Release Calendar'!$J$5:$J$504,0))&" · Target ","")) | U24: =IF(U23="","",IFERROR("● "&INDEX('Release Calendar'!$B$5:$B$504,MATCH(U23,'Release Calendar'!$I$5:$I$504,0))&" · Start ","")&IFERROR("● "&INDEX('Release Calendar'!$B$5:$B$504,MATCH(U23,'Release Calendar'!$J$5:$J$504,0))&" · Target ","")) | V24: =IF(V23="","",IFERROR("● "&INDEX('Release Calendar'!$B$5:$B$504,MATCH(V23,'Release Calendar'!$I$5:$I$504,0))&" · Start ","")&IFERROR("● "&INDEX('Release Calendar'!$B$5:$B$504,MATCH(V23,'Release Calendar'!$J$5:$J$504,0))&" · Target ","")) | W24: =IF(W23="","",IFERROR("● "&INDEX('Release Calendar'!$B$5:$B$504,MATCH(W23,'Release Calendar'!$I$5:$I$504,0))&" · Start ","")&IFERROR("● "&INDEX('Release Calendar'!$B$5:$B$504,MATCH(W23,'Release Calendar'!$J$5:$J$504,0))&" · Target ","")) | X24: =IF(X23="","",IFERROR("● "&INDEX('Release Calendar'!$B$5:$B$504,MATCH(X23,'Release Calendar'!$I$5:$I$504,0))&" · Start ","")&IFERROR("● "&INDEX('Release Calendar'!$B$5:$B$504,MATCH(X23,'Release Calendar'!$J$5:$J$504,0))&" · Target ",""))
B25: =IF(AND((1*7+0-($BA$4-1)+1)>=1,(1*7+0-($BA$4-1)+1)<=$BB$4),$AZ$4+(1*7+0-($BA$4-1)+1)-1,"") -> 46117 | C25: =IF(AND((1*7+1-($BA$4-1)+1)>=1,(1*7+1-($BA$4-1)+1)<=$BB$4),$AZ$4+(1*7+1-($BA$4-1)+1)-1,"") -> 46118 | D25: =IF(AND((1*7+2-($BA$4-1)+1)>=1,(1*7+2-($BA$4-1)+1)<=$BB$4),$AZ$4+(1*7+2-($BA$4-1)+1)-1,"") -> 46119 | E25: =IF(AND((1*7+3-($BA$4-1)+1)>=1,(1*7+3-($BA$4-1)+1)<=$BB$4),$AZ$4+(1*7+3-($BA$4-1)+1)-1,"") -> 46120 | F25: =IF(AND((1*7+4-($BA$4-1)+1)>=1,(1*7+4-($BA$4-1)+1)<=$BB$4),$AZ$4+(1*7+4-($BA$4-1)+1)-1,"") -> 46121 | G25: =IF(AND((1*7+5-($BA$4-1)+1)>=1,(1*7+5-($BA$4-1)+1)<=$BB$4),$AZ$4+(1*7+5-($BA$4-1)+1)-1,"") -> 46122 | H25: =IF(AND((1*7+6-($BA$4-1)+1)>=1,(1*7+6-($BA$4-1)+1)<=$BB$4),$AZ$4+(1*7+6-($BA$4-1)+1)-1,"") -> 46123 | J25: =IF(AND((1*7+0-($BA$5-1)+1)>=1,(1*7+0-($BA$5-1)+1)<=$BB$5),$AZ$5+(1*7+0-($BA$5-1)+1)-1,"") -> 46145 | K25: =IF(AND((1*7+1-($BA$5-1)+1)>=1,(1*7+1-($BA$5-1)+1)<=$BB$5),$AZ$5+(1*7+1-($BA$5-1)+1)-1,"") -> 46146 | L25: =IF(AND((1*7+2-($BA$5-1)+1)>=1,(1*7+2-($BA$5-1)+1)<=$BB$5),$AZ$5+(1*7+2-($BA$5-1)+1)-1,"") -> 46147 | M25: =IF(AND((1*7+3-($BA$5-1)+1)>=1,(1*7+3-($BA$5-1)+1)<=$BB$5),$AZ$5+(1*7+3-($BA$5-1)+1)-1,"") -> 46148 | N25: =IF(AND((1*7+4-($BA$5-1)+1)>=1,(1*7+4-($BA$5-1)+1)<=$BB$5),$AZ$5+(1*7+4-($BA$5-1)+1)-1,"") -> 46149 | O25: =IF(AND((1*7+5-($BA$5-1)+1)>=1,(1*7+5-($BA$5-1)+1)<=$BB$5),$AZ$5+(1*7+5-($BA$5-1)+1)-1,"") -> 46150 | P25: =IF(AND((1*7+6-($BA$5-1)+1)>=1,(1*7+6-($BA$5-1)+1)<=$BB$5),$AZ$5+(1*7+6-($BA$5-1)+1)-1,"") -> 46151 | R25: =IF(AND((1*7+0-($BA$6-1)+1)>=1,(1*7+0-($BA$6-1)+1)<=$BB$6),$AZ$6+(1*7+0-($BA$6-1)+1)-1,"") -> 46180 | S25: =IF(AND((1*7+1-($BA$6-1)+1)>=1,(1*7+1-($BA$6-1)+1)<=$BB$6),$AZ$6+(1*7+1-($BA$6-1)+1)-1,"") -> 46181 | T25: =IF(AND((1*7+2-($BA$6-1)+1)>=1,(1*7+2-($BA$6-1)+1)<=$BB$6),$AZ$6+(1*7+2-($BA$6-1)+1)-1,"") -> 46182 | U25: =IF(AND((1*7+3-($BA$6-1)+1)>=1,(1*7+3-($BA$6-1)+1)<=$BB$6),$AZ$6+(1*7+3-($BA$6-1)+1)-1,"") -> 46183 | V25: =IF(AND((1*7+4-($BA$6-1)+1)>=1,(1*7+4-($BA$6-1)+1)<=$BB$6),$AZ$6+(1*7+4-($BA$6-1)+1)-1,"") -> 46184 | W25: =IF(AND((1*7+5-($BA$6-1)+1)>=1,(1*7+5-($BA$6-1)+1)<=$BB$6),$AZ$6+(1*7+5-($BA$6-1)+1)-1,"") -> 46185 | X25: =IF(AND((1*7+6-($BA$6-1)+1)>=1,(1*7+6-($BA$6-1)+1)<=$BB$6),$AZ$6+(1*7+6-($BA$6-1)+1)-1,"") -> 46186
B26: =IF(B25="","",IFERROR("● "&INDEX('Release Calendar'!$B$5:$B$504,MATCH(B25,'Release Calendar'!$I$5:$I$504,0))&" · Start ","")&IFERROR("● "&INDEX('Release Calendar'!$B$5:$B$504,MATCH(B25,'Release Calendar'!$J$5:$J$504,0))&" · Target ","")) | C26: =IF(C25="","",IFERROR("● "&INDEX('Release Calendar'!$B$5:$B$504,MATCH(C25,'Release Calendar'!$I$5:$I$504,0))&" · Start ","")&IFERROR("● "&INDEX('Release Calendar'!$B$5:$B$504,MATCH(C25,'Release Calendar'!$J$5:$J$504,0))&" · Target ","")) | D26: =IF(D25="","",IFERROR("● "&INDEX('Release Calendar'!$B$5:$B$504,MATCH(D25,'Release Calendar'!$I$5:$I$504,0))&" · Start ","")&IFERROR("● "&INDEX('Release Calendar'!$B$5:$B$504,MATCH(D25,'Release Calendar'!$J$5:$J$504,0))&" · Target ","")) | E26: =IF(E25="","",IFERROR("● "&INDEX('Release Calendar'!$B$5:$B$504,MATCH(E25,'Release Calendar'!$I$5:$I$504,0))&" · Start ","")&IFERROR("● "&INDEX('Release Calendar'!$B$5:$B$504,MATCH(E25,'Release Calendar'!$J$5:$J$504,0))&" · Target ","")) | F26: =IF(F25="","",IFERROR("● "&INDEX('Release Calendar'!$B$5:$B$504,MATCH(F25,'Release Calendar'!$I$5:$I$504,0))&" · Start ","")&IFERROR("● "&INDEX('Release Calendar'!$B$5:$B$504,MATCH(F25,'Release Calendar'!$J$5:$J$504,0))&" · Target ","")) | G26: =IF(G25="","",IFERROR("● "&INDEX('Release Calendar'!$B$5:$B$504,MATCH(G25,'Release Calendar'!$I$5:$I$504,0))&" · Start ","")&IFERROR("● "&INDEX('Release Calendar'!$B$5:$B$504,MATCH(G25,'Release Calendar'!$J$5:$J$504,0))&" · Target ","")) | H26: =IF(H25="","",IFERROR("● "&INDEX('Release Calendar'!$B$5:$B$504,MATCH(H25,'Release Calendar'!$I$5:$I$504,0))&" · Start ","")&IFERROR("● "&INDEX('Release Calendar'!$B$5:$B$504,MATCH(H25,'Release Calendar'!$J$5:$J$504,0))&" · Target ","")) | J26: =IF(J25="","",IFERROR("● "&INDEX('Release Calendar'!$B$5:$B$504,MATCH(J25,'Release Calendar'!$I$5:$I$504,0))&" · Start ","")&IFERROR("● "&INDEX('Release Calendar'!$B$5:$B$504,MATCH(J25,'Release Calendar'!$J$5:$J$504,0))&" · Target ","")) | K26: =IF(K25="","",IFERROR("● "&INDEX('Release Calendar'!$B$5:$B$504,MATCH(K25,'Release Calendar'!$I$5:$I$504,0))&" · Start ","")&IFERROR("● "&INDEX('Release Calendar'!$B$5:$B$504,MATCH(K25,'Release Calendar'!$J$5:$J$504,0))&" · Target ","")) | L26: =IF(L25="","",IFERROR("● "&INDEX('Release Calendar'!$B$5:$B$504,MATCH(L25,'Release Calendar'!$I$5:$I$504,0))&" · Start ","")&IFERROR("● "&INDEX('Release Calendar'!$B$5:$B$504,MATCH(L25,'Release Calendar'!$J$5:$J$504,0))&" · Target ","")) | M26: =IF(M25="","",IFERROR("● "&INDEX('Release Calendar'!$B$5:$B$504,MATCH(M25,'Release Calendar'!$I$5:$I$504,0))&" · Start ","")&IFERROR("● "&INDEX('Release Calendar'!$B$5:$B$504,MATCH(M25,'Release Calendar'!$J$5:$J$504,0))&" · Target ","")) | N26: =IF(N25="","",IFERROR("● "&INDEX('Release Calendar'!$B$5:$B$504,MATCH(N25,'Release Calendar'!$I$5:$I$504,0))&" · Start ","")&IFERROR("● "&INDEX('Release Calendar'!$B$5:$B$504,MATCH(N25,'Release Calendar'!$J$5:$J$504,0))&" · Target ","")) | O26: =IF(O25="","",IFERROR("● "&INDEX('Release Calendar'!$B$5:$B$504,MATCH(O25,'Release Calendar'!$I$5:$I$504,0))&" · Start ","")&IFERROR("● "&INDEX('Release Calendar'!$B$5:$B$504,MATCH(O25,'Release Calendar'!$J$5:$J$504,0))&" · Target ","")) | P26: =IF(P25="","",IFERROR("● "&INDEX('Release Calendar'!$B$5:$B$504,MATCH(P25,'Release Calendar'!$I$5:$I$504,0))&" · Start ","")&IFERROR("● "&INDEX('Release Calendar'!$B$5:$B$504,MATCH(P25,'Release Calendar'!$J$5:$J$504,0))&" · Target ","")) | R26: =IF(R25="","",IFERROR("● "&INDEX('Release Calendar'!$B$5:$B$504,MATCH(R25,'Release Calendar'!$I$5:$I$504,0))&" · Start ","")&IFERROR("● "&INDEX('Release Calendar'!$B$5:$B$504,MATCH(R25,'Release Calendar'!$J$5:$J$504,0))&" · Target ","")) | S26: =IF(S25="","",IFERROR("● "&INDEX('Release Calendar'!$B$5:$B$504,MATCH(S25,'Release Calendar'!$I$5:$I$504,0))&" · Start ","")&IFERROR("● "&INDEX('Release Calendar'!$B$5:$B$504,MATCH(S25,'Release Calendar'!$J$5:$J$504,0))&" · Target ","")) | T26: =IF(T25="","",IFERROR("● "&INDEX('Release Calendar'!$B$5:$B$504,MATCH(T25,'Release Calendar'!$I$5:$I$504,0))&" · Start ","")&IFERROR("● "&INDEX('Release Calendar'!$B$5:$B$504,MATCH(T25,'Release Calendar'!$J$5:$J$504,0))&" · Target ","")) | U26: =IF(U25="","",IFERROR("● "&INDEX('Release Calendar'!$B$5:$B$504,MATCH(U25,'Release Calendar'!$I$5:$I$504,0))&" · Start ","")&IFERROR("● "&INDEX('Release Calendar'!$B$5:$B$504,MATCH(U25,'Release Calendar'!$J$5:$J$504,0))&" · Target ","")) | V26: =IF(V25="","",IFERROR("● "&INDEX('Release Calendar'!$B$5:$B$504,MATCH(V25,'Release Calendar'!$I$5:$I$504,0))&" · Start ","")&IFERROR("● "&INDEX('Release Calendar'!$B$5:$B$504,MATCH(V25,'Release Calendar'!$J$5:$J$504,0))&" · Target ","")) | W26: =IF(W25="","",IFERROR("● "&INDEX('Release Calendar'!$B$5:$B$504,MATCH(W25,'Release Calendar'!$I$5:$I$504,0))&" · Start ","")&IFERROR("● "&INDEX('Release Calendar'!$B$5:$B$504,MATCH(W25,'Release Calendar'!$J$5:$J$504,0))&" · Target ","")) | X26: =IF(X25="","",IFERROR("● "&INDEX('Release Calendar'!$B$5:$B$504,MATCH(X25,'Release Calendar'!$I$5:$I$504,0))&" · Start ","")&IFERROR("● "&INDEX('Release Calendar'!$B$5:$B$504,MATCH(X25,'Release Calendar'!$J$5:$J$504,0))&" · Target ",""))
B27: =IF(AND((2*7+0-($BA$4-1)+1)>=1,(2*7+0-($BA$4-1)+1)<=$BB$4),$AZ$4+(2*7+0-($BA$4-1)+1)-1,"") -> 46124 | C27: =IF(AND((2*7+1-($BA$4-1)+1)>=1,(2*7+1-($BA$4-1)+1)<=$BB$4),$AZ$4+(2*7+1-($BA$4-1)+1)-1,"") -> 46125 | D27: =IF(AND((2*7+2-($BA$4-1)+1)>=1,(2*7+2-($BA$4-1)+1)<=$BB$4),$AZ$4+(2*7+2-($BA$4-1)+1)-1,"") -> 46126 | E27: =IF(AND((2*7+3-($BA$4-1)+1)>=1,(2*7+3-($BA$4-1)+1)<=$BB$4),$AZ$4+(2*7+3-($BA$4-1)+1)-1,"") -> 46127 | F27: =IF(AND((2*7+4-($BA$4-1)+1)>=1,(2*7+4-($BA$4-1)+1)<=$BB$4),$AZ$4+(2*7+4-($BA$4-1)+1)-1,"") -> 46128 | G27: =IF(AND((2*7+5-($BA$4-1)+1)>=1,(2*7+5-($BA$4-1)+1)<=$BB$4),$AZ$4+(2*7+5-($BA$4-1)+1)-1,"") -> 46129 | H27: =IF(AND((2*7+6-($BA$4-1)+1)>=1,(2*7+6-($BA$4-1)+1)<=$BB$4),$AZ$4+(2*7+6-($BA$4-1)+1)-1,"") -> 46130 | J27: =IF(AND((2*7+0-($BA$5-1)+1)>=1,(2*7+0-($BA$5-1)+1)<=$BB$5),$AZ$5+(2*7+0-($BA$5-1)+1)-1,"") -> 46152 | K27: =IF(AND((2*7+1-($BA$5-1)+1)>=1,(2*7+1-($BA$5-1)+1)<=$BB$5),$AZ$5+(2*7+1-($BA$5-1)+1)-1,"") -> 46153 | L27: =IF(AND((2*7+2-($BA$5-1)+1)>=1,(2*7+2-($BA$5-1)+1)<=$BB$5),$AZ$5+(2*7+2-($BA$5-1)+1)-1,"") -> 46154 | M27: =IF(AND((2*7+3-($BA$5-1)+1)>=1,(2*7+3-($BA$5-1)+1)<=$BB$5),$AZ$5+(2*7+3-($BA$5-1)+1)-1,"") -> 46155 | N27: =IF(AND((2*7+4-($BA$5-1)+1)>=1,(2*7+4-($BA$5-1)+1)<=$BB$5),$AZ$5+(2*7+4-($BA$5-1)+1)-1,"") -> 46156 | O27: =IF(AND((2*7+5-($BA$5-1)+1)>=1,(2*7+5-($BA$5-1)+1)<=$BB$5),$AZ$5+(2*7+5-($BA$5-1)+1)-1,"") -> 46157 | P27: =IF(AND((2*7+6-($BA$5-1)+1)>=1,(2*7+6-($BA$5-1)+1)<=$BB$5),$AZ$5+(2*7+6-($BA$5-1)+1)-1,"") -> 46158 | R27: =IF(AND((2*7+0-($BA$6-1)+1)>=1,(2*7+0-($BA$6-1)+1)<=$BB$6),$AZ$6+(2*7+0-($BA$6-1)+1)-1,"") -> 46187 | S27: =IF(AND((2*7+1-($BA$6-1)+1)>=1,(2*7+1-($BA$6-1)+1)<=$BB$6),$AZ$6+(2*7+1-($BA$6-1)+1)-1,"") -> 46188 | T27: =IF(AND((2*7+2-($BA$6-1)+1)>=1,(2*7+2-($BA$6-1)+1)<=$BB$6),$AZ$6+(2*7+2-($BA$6-1)+1)-1,"") -> 46189 | U27: =IF(AND((2*7+3-($BA$6-1)+1)>=1,(2*7+3-($BA$6-1)+1)<=$BB$6),$AZ$6+(2*7+3-($BA$6-1)+1)-1,"") -> 46190 | V27: =IF(AND((2*7+4-($BA$6-1)+1)>=1,(2*7+4-($BA$6-1)+1)<=$BB$6),$AZ$6+(2*7+4-($BA$6-1)+1)-1,"") -> 46191 | W27: =IF(AND((2*7+5-($BA$6-1)+1)>=1,(2*7+5-($BA$6-1)+1)<=$BB$6),$AZ$6+(2*7+5-($BA$6-1)+1)-1,"") -> 46192 | X27: =IF(AND((2*7+6-($BA$6-1)+1)>=1,(2*7+6-($BA$6-1)+1)<=$BB$6),$AZ$6+(2*7+6-($BA$6-1)+1)-1,"") -> 46193
B28: =IF(B27="","",IFERROR("● "&INDEX('Release Calendar'!$B$5:$B$504,MATCH(B27,'Release Calendar'!$I$5:$I$504,0))&" · Start ","")&IFERROR("● "&INDEX('Release Calendar'!$B$5:$B$504,MATCH(B27,'Release Calendar'!$J$5:$J$504,0))&" · Target ","")) | C28: =IF(C27="","",IFERROR("● "&INDEX('Release Calendar'!$B$5:$B$504,MATCH(C27,'Release Calendar'!$I$5:$I$504,0))&" · Start ","")&IFERROR("● "&INDEX('Release Calendar'!$B$5:$B$504,MATCH(C27,'Release Calendar'!$J$5:$J$504,0))&" · Target ","")) | D28: =IF(D27="","",IFERROR("● "&INDEX('Release Calendar'!$B$5:$B$504,MATCH(D27,'Release Calendar'!$I$5:$I$504,0))&" · Start ","")&IFERROR("● "&INDEX('Release Calendar'!$B$5:$B$504,MATCH(D27,'Release Calendar'!$J$5:$J$504,0))&" · Target ","")) | E28: =IF(E27="","",IFERROR("● "&INDEX('Release Calendar'!$B$5:$B$504,MATCH(E27,'Release Calendar'!$I$5:$I$504,0))&" · Start ","")&IFERROR("● "&INDEX('Release Calendar'!$B$5:$B$504,MATCH(E27,'Release Calendar'!$J$5:$J$504,0))&" · Target ","")) | F28: =IF(F27="","",IFERROR("● "&INDEX('Release Calendar'!$B$5:$B$504,MATCH(F27,'Release Calendar'!$I$5:$I$504,0))&" · Start ","")&IFERROR("● "&INDEX('Release Calendar'!$B$5:$B$504,MATCH(F27,'Release Calendar'!$J$5:$J$504,0))&" · Target ","")) | G28: =IF(G27="","",IFERROR("● "&INDEX('Release Calendar'!$B$5:$B$504,MATCH(G27,'Release Calendar'!$I$5:$I$504,0))&" · Start ","")&IFERROR("● "&INDEX('Release Calendar'!$B$5:$B$504,MATCH(G27,'Release Calendar'!$J$5:$J$504,0))&" · Target ","")) | H28: =IF(H27="","",IFERROR("● "&INDEX('Release Calendar'!$B$5:$B$504,MATCH(H27,'Release Calendar'!$I$5:$I$504,0))&" · Start ","")&IFERROR("● "&INDEX('Release Calendar'!$B$5:$B$504,MATCH(H27,'Release Calendar'!$J$5:$J$504,0))&" · Target ","")) | J28: =IF(J27="","",IFERROR("● "&INDEX('Release Calendar'!$B$5:$B$504,MATCH(J27,'Release Calendar'!$I$5:$I$504,0))&" · Start ","")&IFERROR("● "&INDEX('Release Calendar'!$B$5:$B$504,MATCH(J27,'Release Calendar'!$J$5:$J$504,0))&" · Target ","")) | K28: =IF(K27="","",IFERROR("● "&INDEX('Release Calendar'!$B$5:$B$504,MATCH(K27,'Release Calendar'!$I$5:$I$504,0))&" · Start ","")&IFERROR("● "&INDEX('Release Calendar'!$B$5:$B$504,MATCH(K27,'Release Calendar'!$J$5:$J$504,0))&" · Target ","")) | L28: =IF(L27="","",IFERROR("● "&INDEX('Release Calendar'!$B$5:$B$504,MATCH(L27,'Release Calendar'!$I$5:$I$504,0))&" · Start ","")&IFERROR("● "&INDEX('Release Calendar'!$B$5:$B$504,MATCH(L27,'Release Calendar'!$J$5:$J$504,0))&" · Target ","")) | M28: =IF(M27="","",IFERROR("● "&INDEX('Release Calendar'!$B$5:$B$504,MATCH(M27,'Release Calendar'!$I$5:$I$504,0))&" · Start ","")&IFERROR("● "&INDEX('Release Calendar'!$B$5:$B$504,MATCH(M27,'Release Calendar'!$J$5:$J$504,0))&" · Target ","")) | N28: =IF(N27="","",IFERROR("● "&INDEX('Release Calendar'!$B$5:$B$504,MATCH(N27,'Release Calendar'!$I$5:$I$504,0))&" · Start ","")&IFERROR("● "&INDEX('Release Calendar'!$B$5:$B$504,MATCH(N27,'Release Calendar'!$J$5:$J$504,0))&" · Target ","")) | O28: =IF(O27="","",IFERROR("● "&INDEX('Release Calendar'!$B$5:$B$504,MATCH(O27,'Release Calendar'!$I$5:$I$504,0))&" · Start ","")&IFERROR("● "&INDEX('Release Calendar'!$B$5:$B$504,MATCH(O27,'Release Calendar'!$J$5:$J$504,0))&" · Target ","")) | P28: =IF(P27="","",IFERROR("● "&INDEX('Release Calendar'!$B$5:$B$504,MATCH(P27,'Release Calendar'!$I$5:$I$504,0))&" · Start ","")&IFERROR("● "&INDEX('Release Calendar'!$B$5:$B$504,MATCH(P27,'Release Calendar'!$J$5:$J$504,0))&" · Target ","")) | R28: =IF(R27="","",IFERROR("● "&INDEX('Release Calendar'!$B$5:$B$504,MATCH(R27,'Release Calendar'!$I$5:$I$504,0))&" · Start ","")&IFERROR("● "&INDEX('Release Calendar'!$B$5:$B$504,MATCH(R27,'Release Calendar'!$J$5:$J$504,0))&" · Target ","")) | S28: =IF(S27="","",IFERROR("● "&INDEX('Release Calendar'!$B$5:$B$504,MATCH(S27,'Release Calendar'!$I$5:$I$504,0))&" · Start ","")&IFERROR("● "&INDEX('Release Calendar'!$B$5:$B$504,MATCH(S27,'Release Calendar'!$J$5:$J$504,0))&" · Target ","")) | T28: =IF(T27="","",IFERROR("● "&INDEX('Release Calendar'!$B$5:$B$504,MATCH(T27,'Release Calendar'!$I$5:$I$504,0))&" · Start ","")&IFERROR("● "&INDEX('Release Calendar'!$B$5:$B$504,MATCH(T27,'Release Calendar'!$J$5:$J$504,0))&" · Target ","")) | U28: =IF(U27="","",IFERROR("● "&INDEX('Release Calendar'!$B$5:$B$504,MATCH(U27,'Release Calendar'!$I$5:$I$504,0))&" · Start ","")&IFERROR("● "&INDEX('Release Calendar'!$B$5:$B$504,MATCH(U27,'Release Calendar'!$J$5:$J$504,0))&" · Target ","")) | V28: =IF(V27="","",IFERROR("● "&INDEX('Release Calendar'!$B$5:$B$504,MATCH(V27,'Release Calendar'!$I$5:$I$504,0))&" · Start ","")&IFERROR("● "&INDEX('Release Calendar'!$B$5:$B$504,MATCH(V27,'Release Calendar'!$J$5:$J$504,0))&" · Target ","")) | W28: =IF(W27="","",IFERROR("● "&INDEX('Release Calendar'!$B$5:$B$504,MATCH(W27,'Release Calendar'!$I$5:$I$504,0))&" · Start ","")&IFERROR("● "&INDEX('Release Calendar'!$B$5:$B$504,MATCH(W27,'Release Calendar'!$J$5:$J$504,0))&" · Target ","")) | X28: =IF(X27="","",IFERROR("● "&INDEX('Release Calendar'!$B$5:$B$504,MATCH(X27,'Release Calendar'!$I$5:$I$504,0))&" · Start ","")&IFERROR("● "&INDEX('Release Calendar'!$B$5:$B$504,MATCH(X27,'Release Calendar'!$J$5:$J$504,0))&" · Target ",""))
B29: =IF(AND((3*7+0-($BA$4-1)+1)>=1,(3*7+0-($BA$4-1)+1)<=$BB$4),$AZ$4+(3*7+0-($BA$4-1)+1)-1,"") -> 46131 | C29: =IF(AND((3*7+1-($BA$4-1)+1)>=1,(3*7+1-($BA$4-1)+1)<=$BB$4),$AZ$4+(3*7+1-($BA$4-1)+1)-1,"") -> 46132 | D29: =IF(AND((3*7+2-($BA$4-1)+1)>=1,(3*7+2-($BA$4-1)+1)<=$BB$4),$AZ$4+(3*7+2-($BA$4-1)+1)-1,"") -> 46133 | E29: =IF(AND((3*7+3-($BA$4-1)+1)>=1,(3*7+3-($BA$4-1)+1)<=$BB$4),$AZ$4+(3*7+3-($BA$4-1)+1)-1,"") -> 46134 | F29: =IF(AND((3*7+4-($BA$4-1)+1)>=1,(3*7+4-($BA$4-1)+1)<=$BB$4),$AZ$4+(3*7+4-($BA$4-1)+1)-1,"") -> 46135 | G29: =IF(AND((3*7+5-($BA$4-1)+1)>=1,(3*7+5-($BA$4-1)+1)<=$BB$4),$AZ$4+(3*7+5-($BA$4-1)+1)-1,"") -> 46136 | H29: =IF(AND((3*7+6-($BA$4-1)+1)>=1,(3*7+6-($BA$4-1)+1)<=$BB$4),$AZ$4+(3*7+6-($BA$4-1)+1)-1,"") -> 46137 | J29: =IF(AND((3*7+0-($BA$5-1)+1)>=1,(3*7+0-($BA$5-1)+1)<=$BB$5),$AZ$5+(3*7+0-($BA$5-1)+1)-1,"") -> 46159 | K29: =IF(AND((3*7+1-($BA$5-1)+1)>=1,(3*7+1-($BA$5-1)+1)<=$BB$5),$AZ$5+(3*7+1-($BA$5-1)+1)-1,"") -> 46160 | L29: =IF(AND((3*7+2-($BA$5-1)+1)>=1,(3*7+2-($BA$5-1)+1)<=$BB$5),$AZ$5+(3*7+2-($BA$5-1)+1)-1,"") -> 46161 | M29: =IF(AND((3*7+3-($BA$5-1)+1)>=1,(3*7+3-($BA$5-1)+1)<=$BB$5),$AZ$5+(3*7+3-($BA$5-1)+1)-1,"") -> 46162 | N29: =IF(AND((3*7+4-($BA$5-1)+1)>=1,(3*7+4-($BA$5-1)+1)<=$BB$5),$AZ$5+(3*7+4-($BA$5-1)+1)-1,"") -> 46163 | O29: =IF(AND((3*7+5-($BA$5-1)+1)>=1,(3*7+5-($BA$5-1)+1)<=$BB$5),$AZ$5+(3*7+5-($BA$5-1)+1)-1,"") -> 46164 | P29: =IF(AND((3*7+6-($BA$5-1)+1)>=1,(3*7+6-($BA$5-1)+1)<=$BB$5),$AZ$5+(3*7+6-($BA$5-1)+1)-1,"") -> 46165 | R29: =IF(AND((3*7+0-($BA$6-1)+1)>=1,(3*7+0-($BA$6-1)+1)<=$BB$6),$AZ$6+(3*7+0-($BA$6-1)+1)-1,"") -> 46194 | S29: =IF(AND((3*7+1-($BA$6-1)+1)>=1,(3*7+1-($BA$6-1)+1)<=$BB$6),$AZ$6+(3*7+1-($BA$6-1)+1)-1,"") -> 46195 | T29: =IF(AND((3*7+2-($BA$6-1)+1)>=1,(3*7+2-($BA$6-1)+1)<=$BB$6),$AZ$6+(3*7+2-($BA$6-1)+1)-1,"") -> 46196 | U29: =IF(AND((3*7+3-($BA$6-1)+1)>=1,(3*7+3-($BA$6-1)+1)<=$BB$6),$AZ$6+(3*7+3-($BA$6-1)+1)-1,"") -> 46197 | V29: =IF(AND((3*7+4-($BA$6-1)+1)>=1,(3*7+4-($BA$6-1)+1)<=$BB$6),$AZ$6+(3*7+4-($BA$6-1)+1)-1,"") -> 46198 | W29: =IF(AND((3*7+5-($BA$6-1)+1)>=1,(3*7+5-($BA$6-1)+1)<=$BB$6),$AZ$6+(3*7+5-($BA$6-1)+1)-1,"") -> 46199 | X29: =IF(AND((3*7+6-($BA$6-1)+1)>=1,(3*7+6-($BA$6-1)+1)<=$BB$6),$AZ$6+(3*7+6-($BA$6-1)+1)-1,"") -> 46200
B30: =IF(B29="","",IFERROR("● "&INDEX('Release Calendar'!$B$5:$B$504,MATCH(B29,'Release Calendar'!$I$5:$I$504,0))&" · Start ","")&IFERROR("● "&INDEX('Release Calendar'!$B$5:$B$504,MATCH(B29,'Release Calendar'!$J$5:$J$504,0))&" · Target ","")) | C30: =IF(C29="","",IFERROR("● "&INDEX('Release Calendar'!$B$5:$B$504,MATCH(C29,'Release Calendar'!$I$5:$I$504,0))&" · Start ","")&IFERROR("● "&INDEX('Release Calendar'!$B$5:$B$504,MATCH(C29,'Release Calendar'!$J$5:$J$504,0))&" · Target ","")) | D30: =IF(D29="","",IFERROR("● "&INDEX('Release Calendar'!$B$5:$B$504,MATCH(D29,'Release Calendar'!$I$5:$I$504,0))&" · Start ","")&IFERROR("● "&INDEX('Release Calendar'!$B$5:$B$504,MATCH(D29,'Release Calendar'!$J$5:$J$504,0))&" · Target ","")) | E30: =IF(E29="","",IFERROR("● "&INDEX('Release Calendar'!$B$5:$B$504,MATCH(E29,'Release Calendar'!$I$5:$I$504,0))&" · Start ","")&IFERROR("● "&INDEX('Release Calendar'!$B$5:$B$504,MATCH(E29,'Release Calendar'!$J$5:$J$504,0))&" · Target ","")) | F30: =IF(F29="","",IFERROR("● "&INDEX('Release Calendar'!$B$5:$B$504,MATCH(F29,'Release Calendar'!$I$5:$I$504,0))&" · Start ","")&IFERROR("● "&INDEX('Release Calendar'!$B$5:$B$504,MATCH(F29,'Release Calendar'!$J$5:$J$504,0))&" · Target ","")) | G30: =IF(G29="","",IFERROR("● "&INDEX('Release Calendar'!$B$5:$B$504,MATCH(G29,'Release Calendar'!$I$5:$I$504,0))&" · Start ","")&IFERROR("● "&INDEX('Release Calendar'!$B$5:$B$504,MATCH(G29,'Release Calendar'!$J$5:$J$504,0))&" · Target ","")) | H30: =IF(H29="","",IFERROR("● "&INDEX('Release Calendar'!$B$5:$B$504,MATCH(H29,'Release Calendar'!$I$5:$I$504,0))&" · Start ","")&IFERROR("● "&INDEX('Release Calendar'!$B$5:$B$504,MATCH(H29,'Release Calendar'!$J$5:$J$504,0))&" · Target ","")) | J30: =IF(J29="","",IFERROR("● "&INDEX('Release Calendar'!$B$5:$B$504,MATCH(J29,'Release Calendar'!$I$5:$I$504,0))&" · Start ","")&IFERROR("● "&INDEX('Release Calendar'!$B$5:$B$504,MATCH(J29,'Release Calendar'!$J$5:$J$504,0))&" · Target ","")) | K30: =IF(K29="","",IFERROR("● "&INDEX('Release Calendar'!$B$5:$B$504,MATCH(K29,'Release Calendar'!$I$5:$I$504,0))&" · Start ","")&IFERROR("● "&INDEX('Release Calendar'!$B$5:$B$504,MATCH(K29,'Release Calendar'!$J$5:$J$504,0))&" · Target ","")) | L30: =IF(L29="","",IFERROR("● "&INDEX('Release Calendar'!$B$5:$B$504,MATCH(L29,'Release Calendar'!$I$5:$I$504,0))&" · Start ","")&IFERROR("● "&INDEX('Release Calendar'!$B$5:$B$504,MATCH(L29,'Release Calendar'!$J$5:$J$504,0))&" · Target ","")) | M30: =IF(M29="","",IFERROR("● "&INDEX('Release Calendar'!$B$5:$B$504,MATCH(M29,'Release Calendar'!$I$5:$I$504,0))&" · Start ","")&IFERROR("● "&INDEX('Release Calendar'!$B$5:$B$504,MATCH(M29,'Release Calendar'!$J$5:$J$504,0))&" · Target ","")) | N30: =IF(N29="","",IFERROR("● "&INDEX('Release Calendar'!$B$5:$B$504,MATCH(N29,'Release Calendar'!$I$5:$I$504,0))&" · Start ","")&IFERROR("● "&INDEX('Release Calendar'!$B$5:$B$504,MATCH(N29,'Release Calendar'!$J$5:$J$504,0))&" · Target ","")) | O30: =IF(O29="","",IFERROR("● "&INDEX('Release Calendar'!$B$5:$B$504,MATCH(O29,'Release Calendar'!$I$5:$I$504,0))&" · Start ","")&IFERROR("● "&INDEX('Release Calendar'!$B$5:$B$504,MATCH(O29,'Release Calendar'!$J$5:$J$504,0))&" · Target ","")) | P30: =IF(P29="","",IFERROR("● "&INDEX('Release Calendar'!$B$5:$B$504,MATCH(P29,'Release Calendar'!$I$5:$I$504,0))&" · Start ","")&IFERROR("● "&INDEX('Release Calendar'!$B$5:$B$504,MATCH(P29,'Release Calendar'!$J$5:$J$504,0))&" · Target ","")) | R30: =IF(R29="","",IFERROR("● "&INDEX('Release Calendar'!$B$5:$B$504,MATCH(R29,'Release Calendar'!$I$5:$I$504,0))&" · Start ","")&IFERROR("● "&INDEX('Release Calendar'!$B$5:$B$504,MATCH(R29,'Release Calendar'!$J$5:$J$504,0))&" · Target ","")) | S30: =IF(S29="","",IFERROR("● "&INDEX('Release Calendar'!$B$5:$B$504,MATCH(S29,'Release Calendar'!$I$5:$I$504,0))&" · Start ","")&IFERROR("● "&INDEX('Release Calendar'!$B$5:$B$504,MATCH(S29,'Release Calendar'!$J$5:$J$504,0))&" · Target ","")) | T30: =IF(T29="","",IFERROR("● "&INDEX('Release Calendar'!$B$5:$B$504,MATCH(T29,'Release Calendar'!$I$5:$I$504,0))&" · Start ","")&IFERROR("● "&INDEX('Release Calendar'!$B$5:$B$504,MATCH(T29,'Release Calendar'!$J$5:$J$504,0))&" · Target ","")) | U30: =IF(U29="","",IFERROR("● "&INDEX('Release Calendar'!$B$5:$B$504,MATCH(U29,'Release Calendar'!$I$5:$I$504,0))&" · Start ","")&IFERROR("● "&INDEX('Release Calendar'!$B$5:$B$504,MATCH(U29,'Release Calendar'!$J$5:$J$504,0))&" · Target ","")) | V30: =IF(V29="","",IFERROR("● "&INDEX('Release Calendar'!$B$5:$B$504,MATCH(V29,'Release Calendar'!$I$5:$I$504,0))&" · Start ","")&IFERROR("● "&INDEX('Release Calendar'!$B$5:$B$504,MATCH(V29,'Release Calendar'!$J$5:$J$504,0))&" · Target ","")) | W30: =IF(W29="","",IFERROR("● "&INDEX('Release Calendar'!$B$5:$B$504,MATCH(W29,'Release Calendar'!$I$5:$I$504,0))&" · Start ","")&IFERROR("● "&INDEX('Release Calendar'!$B$5:$B$504,MATCH(W29,'Release Calendar'!$J$5:$J$504,0))&" · Target ","")) | X30: =IF(X29="","",IFERROR("● "&INDEX('Release Calendar'!$B$5:$B$504,MATCH(X29,'Release Calendar'!$I$5:$I$504,0))&" · Start ","")&IFERROR("● "&INDEX('Release Calendar'!$B$5:$B$504,MATCH(X29,'Release Calendar'!$J$5:$J$504,0))&" · Target ",""))
B31: =IF(AND((4*7+0-($BA$4-1)+1)>=1,(4*7+0-($BA$4-1)+1)<=$BB$4),$AZ$4+(4*7+0-($BA$4-1)+1)-1,"") -> 46138 | C31: =IF(AND((4*7+1-($BA$4-1)+1)>=1,(4*7+1-($BA$4-1)+1)<=$BB$4),$AZ$4+(4*7+1-($BA$4-1)+1)-1,"") -> 46139 | D31: =IF(AND((4*7+2-($BA$4-1)+1)>=1,(4*7+2-($BA$4-1)+1)<=$BB$4),$AZ$4+(4*7+2-($BA$4-1)+1)-1,"") -> 46140 | E31: =IF(AND((4*7+3-($BA$4-1)+1)>=1,(4*7+3-($BA$4-1)+1)<=$BB$4),$AZ$4+(4*7+3-($BA$4-1)+1)-1,"") -> 46141 | F31: =IF(AND((4*7+4-($BA$4-1)+1)>=1,(4*7+4-($BA$4-1)+1)<=$BB$4),$AZ$4+(4*7+4-($BA$4-1)+1)-1,"") -> 46142 | G31: =IF(AND((4*7+5-($BA$4-1)+1)>=1,(4*7+5-($BA$4-1)+1)<=$BB$4),$AZ$4+(4*7+5-($BA$4-1)+1)-1,"") | H31: =IF(AND((4*7+6-($BA$4-1)+1)>=1,(4*7+6-($BA$4-1)+1)<=$BB$4),$AZ$4+(4*7+6-($BA$4-1)+1)-1,"") | J31: =IF(AND((4*7+0-($BA$5-1)+1)>=1,(4*7+0-($BA$5-1)+1)<=$BB$5),$AZ$5+(4*7+0-($BA$5-1)+1)-1,"") -> 46166 | K31: =IF(AND((4*7+1-($BA$5-1)+1)>=1,(4*7+1-($BA$5-1)+1)<=$BB$5),$AZ$5+(4*7+1-($BA$5-1)+1)-1,"") -> 46167 | L31: =IF(AND((4*7+2-($BA$5-1)+1)>=1,(4*7+2-($BA$5-1)+1)<=$BB$5),$AZ$5+(4*7+2-($BA$5-1)+1)-1,"") -> 46168 | M31: =IF(AND((4*7+3-($BA$5-1)+1)>=1,(4*7+3-($BA$5-1)+1)<=$BB$5),$AZ$5+(4*7+3-($BA$5-1)+1)-1,"") -> 46169 | N31: =IF(AND((4*7+4-($BA$5-1)+1)>=1,(4*7+4-($BA$5-1)+1)<=$BB$5),$AZ$5+(4*7+4-($BA$5-1)+1)-1,"") -> 46170 | O31: =IF(AND((4*7+5-($BA$5-1)+1)>=1,(4*7+5-($BA$5-1)+1)<=$BB$5),$AZ$5+(4*7+5-($BA$5-1)+1)-1,"") -> 46171 | P31: =IF(AND((4*7+6-($BA$5-1)+1)>=1,(4*7+6-($BA$5-1)+1)<=$BB$5),$AZ$5+(4*7+6-($BA$5-1)+1)-1,"") -> 46172 | R31: =IF(AND((4*7+0-($BA$6-1)+1)>=1,(4*7+0-($BA$6-1)+1)<=$BB$6),$AZ$6+(4*7+0-($BA$6-1)+1)-1,"") -> 46201 | S31: =IF(AND((4*7+1-($BA$6-1)+1)>=1,(4*7+1-($BA$6-1)+1)<=$BB$6),$AZ$6+(4*7+1-($BA$6-1)+1)-1,"") -> 46202 | T31: =IF(AND((4*7+2-($BA$6-1)+1)>=1,(4*7+2-($BA$6-1)+1)<=$BB$6),$AZ$6+(4*7+2-($BA$6-1)+1)-1,"") -> 46203 | U31: =IF(AND((4*7+3-($BA$6-1)+1)>=1,(4*7+3-($BA$6-1)+1)<=$BB$6),$AZ$6+(4*7+3-($BA$6-1)+1)-1,"") | V31: =IF(AND((4*7+4-($BA$6-1)+1)>=1,(4*7+4-($BA$6-1)+1)<=$BB$6),$AZ$6+(4*7+4-($BA$6-1)+1)-1,"") | W31: =IF(AND((4*7+5-($BA$6-1)+1)>=1,(4*7+5-($BA$6-1)+1)<=$BB$6),$AZ$6+(4*7+5-($BA$6-1)+1)-1,"") | X31: =IF(AND((4*7+6-($BA$6-1)+1)>=1,(4*7+6-($BA$6-1)+1)<=$BB$6),$AZ$6+(4*7+6-($BA$6-1)+1)-1,"")
B32: =IF(B31="","",IFERROR("● "&INDEX('Release Calendar'!$B$5:$B$504,MATCH(B31,'Release Calendar'!$I$5:$I$504,0))&" · Start ","")&IFERROR("● "&INDEX('Release Calendar'!$B$5:$B$504,MATCH(B31,'Release Calendar'!$J$5:$J$504,0))&" · Target ","")) | C32: =IF(C31="","",IFERROR("● "&INDEX('Release Calendar'!$B$5:$B$504,MATCH(C31,'Release Calendar'!$I$5:$I$504,0))&" · Start ","")&IFERROR("● "&INDEX('Release Calendar'!$B$5:$B$504,MATCH(C31,'Release Calendar'!$J$5:$J$504,0))&" · Target ","")) | D32: =IF(D31="","",IFERROR("● "&INDEX('Release Calendar'!$B$5:$B$504,MATCH(D31,'Release Calendar'!$I$5:$I$504,0))&" · Start ","")&IFERROR("● "&INDEX('Release Calendar'!$B$5:$B$504,MATCH(D31,'Release Calendar'!$J$5:$J$504,0))&" · Target ","")) | E32: =IF(E31="","",IFERROR("● "&INDEX('Release Calendar'!$B$5:$B$504,MATCH(E31,'Release Calendar'!$I$5:$I$504,0))&" · Start ","")&IFERROR("● "&INDEX('Release Calendar'!$B$5:$B$504,MATCH(E31,'Release Calendar'!$J$5:$J$504,0))&" · Target ","")) | F32: =IF(F31="","",IFERROR("● "&INDEX('Release Calendar'!$B$5:$B$504,MATCH(F31,'Release Calendar'!$I$5:$I$504,0))&" · Start ","")&IFERROR("● "&INDEX('Release Calendar'!$B$5:$B$504,MATCH(F31,'Release Calendar'!$J$5:$J$504,0))&" · Target ","")) | G32: =IF(G31="","",IFERROR("● "&INDEX('Release Calendar'!$B$5:$B$504,MATCH(G31,'Release Calendar'!$I$5:$I$504,0))&" · Start ","")&IFERROR("● "&INDEX('Release Calendar'!$B$5:$B$504,MATCH(G31,'Release Calendar'!$J$5:$J$504,0))&" · Target ","")) | H32: =IF(H31="","",IFERROR("● "&INDEX('Release Calendar'!$B$5:$B$504,MATCH(H31,'Release Calendar'!$I$5:$I$504,0))&" · Start ","")&IFERROR("● "&INDEX('Release Calendar'!$B$5:$B$504,MATCH(H31,'Release Calendar'!$J$5:$J$504,0))&" · Target ","")) | J32: =IF(J31="","",IFERROR("● "&INDEX('Release Calendar'!$B$5:$B$504,MATCH(J31,'Release Calendar'!$I$5:$I$504,0))&" · Start ","")&IFERROR("● "&INDEX('Release Calendar'!$B$5:$B$504,MATCH(J31,'Release Calendar'!$J$5:$J$504,0))&" · Target ","")) | K32: =IF(K31="","",IFERROR("● "&INDEX('Release Calendar'!$B$5:$B$504,MATCH(K31,'Release Calendar'!$I$5:$I$504,0))&" · Start ","")&IFERROR("● "&INDEX('Release Calendar'!$B$5:$B$504,MATCH(K31,'Release Calendar'!$J$5:$J$504,0))&" · Target ","")) | L32: =IF(L31="","",IFERROR("● "&INDEX('Release Calendar'!$B$5:$B$504,MATCH(L31,'Release Calendar'!$I$5:$I$504,0))&" · Start ","")&IFERROR("● "&INDEX('Release Calendar'!$B$5:$B$504,MATCH(L31,'Release Calendar'!$J$5:$J$504,0))&" · Target ","")) | M32: =IF(M31="","",IFERROR("● "&INDEX('Release Calendar'!$B$5:$B$504,MATCH(M31,'Release Calendar'!$I$5:$I$504,0))&" · Start ","")&IFERROR("● "&INDEX('Release Calendar'!$B$5:$B$504,MATCH(M31,'Release Calendar'!$J$5:$J$504,0))&" · Target ","")) | N32: =IF(N31="","",IFERROR("● "&INDEX('Release Calendar'!$B$5:$B$504,MATCH(N31,'Release Calendar'!$I$5:$I$504,0))&" · Start ","")&IFERROR("● "&INDEX('Release Calendar'!$B$5:$B$504,MATCH(N31,'Release Calendar'!$J$5:$J$504,0))&" · Target ","")) | O32: =IF(O31="","",IFERROR("● "&INDEX('Release Calendar'!$B$5:$B$504,MATCH(O31,'Release Calendar'!$I$5:$I$504,0))&" · Start ","")&IFERROR("● "&INDEX('Release Calendar'!$B$5:$B$504,MATCH(O31,'Release Calendar'!$J$5:$J$504,0))&" · Target ","")) | P32: =IF(P31="","",IFERROR("● "&INDEX('Release Calendar'!$B$5:$B$504,MATCH(P31,'Release Calendar'!$I$5:$I$504,0))&" · Start ","")&IFERROR("● "&INDEX('Release Calendar'!$B$5:$B$504,MATCH(P31,'Release Calendar'!$J$5:$J$504,0))&" · Target ","")) | R32: =IF(R31="","",IFERROR("● "&INDEX('Release Calendar'!$B$5:$B$504,MATCH(R31,'Release Calendar'!$I$5:$I$504,0))&" · Start ","")&IFERROR("● "&INDEX('Release Calendar'!$B$5:$B$504,MATCH(R31,'Release Calendar'!$J$5:$J$504,0))&" · Target ","")) | S32: =IF(S31="","",IFERROR("● "&INDEX('Release Calendar'!$B$5:$B$504,MATCH(S31,'Release Calendar'!$I$5:$I$504,0))&" · Start ","")&IFERROR("● "&INDEX('Release Calendar'!$B$5:$B$504,MATCH(S31,'Release Calendar'!$J$5:$J$504,0))&" · Target ","")) | T32: =IF(T31="","",IFERROR("● "&INDEX('Release Calendar'!$B$5:$B$504,MATCH(T31,'Release Calendar'!$I$5:$I$504,0))&" · Start ","")&IFERROR("● "&INDEX('Release Calendar'!$B$5:$B$504,MATCH(T31,'Release Calendar'!$J$5:$J$504,0))&" · Target ","")) | U32: =IF(U31="","",IFERROR("● "&INDEX('Release Calendar'!$B$5:$B$504,MATCH(U31,'Release Calendar'!$I$5:$I$504,0))&" · Start ","")&IFERROR("● "&INDEX('Release Calendar'!$B$5:$B$504,MATCH(U31,'Release Calendar'!$J$5:$J$504,0))&" · Target ","")) | V32: =IF(V31="","",IFERROR("● "&INDEX('Release Calendar'!$B$5:$B$504,MATCH(V31,'Release Calendar'!$I$5:$I$504,0))&" · Start ","")&IFERROR("● "&INDEX('Release Calendar'!$B$5:$B$504,MATCH(V31,'Release Calendar'!$J$5:$J$504,0))&" · Target ","")) | W32: =IF(W31="","",IFERROR("● "&INDEX('Release Calendar'!$B$5:$B$504,MATCH(W31,'Release Calendar'!$I$5:$I$504,0))&" · Start ","")&IFERROR("● "&INDEX('Release Calendar'!$B$5:$B$504,MATCH(W31,'Release Calendar'!$J$5:$J$504,0))&" · Target ","")) | X32: =IF(X31="","",IFERROR("● "&INDEX('Release Calendar'!$B$5:$B$504,MATCH(X31,'Release Calendar'!$I$5:$I$504,0))&" · Start ","")&IFERROR("● "&INDEX('Release Calendar'!$B$5:$B$504,MATCH(X31,'Release Calendar'!$J$5:$J$504,0))&" · Target ",""))
B33: =IF(AND((5*7+0-($BA$4-1)+1)>=1,(5*7+0-($BA$4-1)+1)<=$BB$4),$AZ$4+(5*7+0-($BA$4-1)+1)-1,"") | C33: =IF(AND((5*7+1-($BA$4-1)+1)>=1,(5*7+1-($BA$4-1)+1)<=$BB$4),$AZ$4+(5*7+1-($BA$4-1)+1)-1,"") | D33: =IF(AND((5*7+2-($BA$4-1)+1)>=1,(5*7+2-($BA$4-1)+1)<=$BB$4),$AZ$4+(5*7+2-($BA$4-1)+1)-1,"") | E33: =IF(AND((5*7+3-($BA$4-1)+1)>=1,(5*7+3-($BA$4-1)+1)<=$BB$4),$AZ$4+(5*7+3-($BA$4-1)+1)-1,"") | F33: =IF(AND((5*7+4-($BA$4-1)+1)>=1,(5*7+4-($BA$4-1)+1)<=$BB$4),$AZ$4+(5*7+4-($BA$4-1)+1)-1,"") | G33: =IF(AND((5*7+5-($BA$4-1)+1)>=1,(5*7+5-($BA$4-1)+1)<=$BB$4),$AZ$4+(5*7+5-($BA$4-1)+1)-1,"") | H33: =IF(AND((5*7+6-($BA$4-1)+1)>=1,(5*7+6-($BA$4-1)+1)<=$BB$4),$AZ$4+(5*7+6-($BA$4-1)+1)-1,"") | J33: =IF(AND((5*7+0-($BA$5-1)+1)>=1,(5*7+0-($BA$5-1)+1)<=$BB$5),$AZ$5+(5*7+0-($BA$5-1)+1)-1,"") -> 46173 | K33: =IF(AND((5*7+1-($BA$5-1)+1)>=1,(5*7+1-($BA$5-1)+1)<=$BB$5),$AZ$5+(5*7+1-($BA$5-1)+1)-1,"") | L33: =IF(AND((5*7+2-($BA$5-1)+1)>=1,(5*7+2-($BA$5-1)+1)<=$BB$5),$AZ$5+(5*7+2-($BA$5-1)+1)-1,"") | M33: =IF(AND((5*7+3-($BA$5-1)+1)>=1,(5*7+3-($BA$5-1)+1)<=$BB$5),$AZ$5+(5*7+3-($BA$5-1)+1)-1,"") | N33: =IF(AND((5*7+4-($BA$5-1)+1)>=1,(5*7+4-($BA$5-1)+1)<=$BB$5),$AZ$5+(5*7+4-($BA$5-1)+1)-1,"") | O33: =IF(AND((5*7+5-($BA$5-1)+1)>=1,(5*7+5-($BA$5-1)+1)<=$BB$5),$AZ$5+(5*7+5-($BA$5-1)+1)-1,"") | P33: =IF(AND((5*7+6-($BA$5-1)+1)>=1,(5*7+6-($BA$5-1)+1)<=$BB$5),$AZ$5+(5*7+6-($BA$5-1)+1)-1,"") | R33: =IF(AND((5*7+0-($BA$6-1)+1)>=1,(5*7+0-($BA$6-1)+1)<=$BB$6),$AZ$6+(5*7+0-($BA$6-1)+1)-1,"") | S33: =IF(AND((5*7+1-($BA$6-1)+1)>=1,(5*7+1-($BA$6-1)+1)<=$BB$6),$AZ$6+(5*7+1-($BA$6-1)+1)-1,"") | T33: =IF(AND((5*7+2-($BA$6-1)+1)>=1,(5*7+2-($BA$6-1)+1)<=$BB$6),$AZ$6+(5*7+2-($BA$6-1)+1)-1,"") | U33: =IF(AND((5*7+3-($BA$6-1)+1)>=1,(5*7+3-($BA$6-1)+1)<=$BB$6),$AZ$6+(5*7+3-($BA$6-1)+1)-1,"") | V33: =IF(AND((5*7+4-($BA$6-1)+1)>=1,(5*7+4-($BA$6-1)+1)<=$BB$6),$AZ$6+(5*7+4-($BA$6-1)+1)-1,"") | W33: =IF(AND((5*7+5-($BA$6-1)+1)>=1,(5*7+5-($BA$6-1)+1)<=$BB$6),$AZ$6+(5*7+5-($BA$6-1)+1)-1,"") | X33: =IF(AND((5*7+6-($BA$6-1)+1)>=1,(5*7+6-($BA$6-1)+1)<=$BB$6),$AZ$6+(5*7+6-($BA$6-1)+1)-1,"")
B34: =IF(B33="","",IFERROR("● "&INDEX('Release Calendar'!$B$5:$B$504,MATCH(B33,'Release Calendar'!$I$5:$I$504,0))&" · Start ","")&IFERROR("● "&INDEX('Release Calendar'!$B$5:$B$504,MATCH(B33,'Release Calendar'!$J$5:$J$504,0))&" · Target ","")) | C34: =IF(C33="","",IFERROR("● "&INDEX('Release Calendar'!$B$5:$B$504,MATCH(C33,'Release Calendar'!$I$5:$I$504,0))&" · Start ","")&IFERROR("● "&INDEX('Release Calendar'!$B$5:$B$504,MATCH(C33,'Release Calendar'!$J$5:$J$504,0))&" · Target ","")) | D34: =IF(D33="","",IFERROR("● "&INDEX('Release Calendar'!$B$5:$B$504,MATCH(D33,'Release Calendar'!$I$5:$I$504,0))&" · Start ","")&IFERROR("● "&INDEX('Release Calendar'!$B$5:$B$504,MATCH(D33,'Release Calendar'!$J$5:$J$504,0))&" · Target ","")) | E34: =IF(E33="","",IFERROR("● "&INDEX('Release Calendar'!$B$5:$B$504,MATCH(E33,'Release Calendar'!$I$5:$I$504,0))&" · Start ","")&IFERROR("● "&INDEX('Release Calendar'!$B$5:$B$504,MATCH(E33,'Release Calendar'!$J$5:$J$504,0))&" · Target ","")) | F34: =IF(F33="","",IFERROR("● "&INDEX('Release Calendar'!$B$5:$B$504,MATCH(F33,'Release Calendar'!$I$5:$I$504,0))&" · Start ","")&IFERROR("● "&INDEX('Release Calendar'!$B$5:$B$504,MATCH(F33,'Release Calendar'!$J$5:$J$504,0))&" · Target ","")) | G34: =IF(G33="","",IFERROR("● "&INDEX('Release Calendar'!$B$5:$B$504,MATCH(G33,'Release Calendar'!$I$5:$I$504,0))&" · Start ","")&IFERROR("● "&INDEX('Release Calendar'!$B$5:$B$504,MATCH(G33,'Release Calendar'!$J$5:$J$504,0))&" · Target ","")) | H34: =IF(H33="","",IFERROR("● "&INDEX('Release Calendar'!$B$5:$B$504,MATCH(H33,'Release Calendar'!$I$5:$I$504,0))&" · Start ","")&IFERROR("● "&INDEX('Release Calendar'!$B$5:$B$504,MATCH(H33,'Release Calendar'!$J$5:$J$504,0))&" · Target ","")) | J34: =IF(J33="","",IFERROR("● "&INDEX('Release Calendar'!$B$5:$B$504,MATCH(J33,'Release Calendar'!$I$5:$I$504,0))&" · Start ","")&IFERROR("● "&INDEX('Release Calendar'!$B$5:$B$504,MATCH(J33,'Release Calendar'!$J$5:$J$504,0))&" · Target ","")) | K34: =IF(K33="","",IFERROR("● "&INDEX('Release Calendar'!$B$5:$B$504,MATCH(K33,'Release Calendar'!$I$5:$I$504,0))&" · Start ","")&IFERROR("● "&INDEX('Release Calendar'!$B$5:$B$504,MATCH(K33,'Release Calendar'!$J$5:$J$504,0))&" · Target ","")) | L34: =IF(L33="","",IFERROR("● "&INDEX('Release Calendar'!$B$5:$B$504,MATCH(L33,'Release Calendar'!$I$5:$I$504,0))&" · Start ","")&IFERROR("● "&INDEX('Release Calendar'!$B$5:$B$504,MATCH(L33,'Release Calendar'!$J$5:$J$504,0))&" · Target ","")) | M34: =IF(M33="","",IFERROR("● "&INDEX('Release Calendar'!$B$5:$B$504,MATCH(M33,'Release Calendar'!$I$5:$I$504,0))&" · Start ","")&IFERROR("● "&INDEX('Release Calendar'!$B$5:$B$504,MATCH(M33,'Release Calendar'!$J$5:$J$504,0))&" · Target ","")) | N34: =IF(N33="","",IFERROR("● "&INDEX('Release Calendar'!$B$5:$B$504,MATCH(N33,'Release Calendar'!$I$5:$I$504,0))&" · Start ","")&IFERROR("● "&INDEX('Release Calendar'!$B$5:$B$504,MATCH(N33,'Release Calendar'!$J$5:$J$504,0))&" · Target ","")) | O34: =IF(O33="","",IFERROR("● "&INDEX('Release Calendar'!$B$5:$B$504,MATCH(O33,'Release Calendar'!$I$5:$I$504,0))&" · Start ","")&IFERROR("● "&INDEX('Release Calendar'!$B$5:$B$504,MATCH(O33,'Release Calendar'!$J$5:$J$504,0))&" · Target ","")) | P34: =IF(P33="","",IFERROR("● "&INDEX('Release Calendar'!$B$5:$B$504,MATCH(P33,'Release Calendar'!$I$5:$I$504,0))&" · Start ","")&IFERROR("● "&INDEX('Release Calendar'!$B$5:$B$504,MATCH(P33,'Release Calendar'!$J$5:$J$504,0))&" · Target ","")) | R34: =IF(R33="","",IFERROR("● "&INDEX('Release Calendar'!$B$5:$B$504,MATCH(R33,'Release Calendar'!$I$5:$I$504,0))&" · Start ","")&IFERROR("● "&INDEX('Release Calendar'!$B$5:$B$504,MATCH(R33,'Release Calendar'!$J$5:$J$504,0))&" · Target ","")) | S34: =IF(S33="","",IFERROR("● "&INDEX('Release Calendar'!$B$5:$B$504,MATCH(S33,'Release Calendar'!$I$5:$I$504,0))&" · Start ","")&IFERROR("● "&INDEX('Release Calendar'!$B$5:$B$504,MATCH(S33,'Release Calendar'!$J$5:$J$504,0))&" · Target ","")) | T34: =IF(T33="","",IFERROR("● "&INDEX('Release Calendar'!$B$5:$B$504,MATCH(T33,'Release Calendar'!$I$5:$I$504,0))&" · Start ","")&IFERROR("● "&INDEX('Release Calendar'!$B$5:$B$504,MATCH(T33,'Release Calendar'!$J$5:$J$504,0))&" · Target ","")) | U34: =IF(U33="","",IFERROR("● "&INDEX('Release Calendar'!$B$5:$B$504,MATCH(U33,'Release Calendar'!$I$5:$I$504,0))&" · Start ","")&IFERROR("● "&INDEX('Release Calendar'!$B$5:$B$504,MATCH(U33,'Release Calendar'!$J$5:$J$504,0))&" · Target ","")) | V34: =IF(V33="","",IFERROR("● "&INDEX('Release Calendar'!$B$5:$B$504,MATCH(V33,'Release Calendar'!$I$5:$I$504,0))&" · Start ","")&IFERROR("● "&INDEX('Release Calendar'!$B$5:$B$504,MATCH(V33,'Release Calendar'!$J$5:$J$504,0))&" · Target ","")) | W34: =IF(W33="","",IFERROR("● "&INDEX('Release Calendar'!$B$5:$B$504,MATCH(W33,'Release Calendar'!$I$5:$I$504,0))&" · Start ","")&IFERROR("● "&INDEX('Release Calendar'!$B$5:$B$504,MATCH(W33,'Release Calendar'!$J$5:$J$504,0))&" · Target ","")) | X34: =IF(X33="","",IFERROR("● "&INDEX('Release Calendar'!$B$5:$B$504,MATCH(X33,'Release Calendar'!$I$5:$I$504,0))&" · Start ","")&IFERROR("● "&INDEX('Release Calendar'!$B$5:$B$504,MATCH(X33,'Release Calendar'!$J$5:$J$504,0))&" · Target ",""))
B36: =TEXT(DATE($B$4,7,1),"mmmm") -> July | J36: =TEXT(DATE($B$4,8,1),"mmmm") -> August | R36: =TEXT(DATE($B$4,9,1),"mmmm") -> September
B37: SUN | C37: MON | D37: TUE | E37: WED | F37: THU | G37: FRI | H37: SAT | J37: SUN | K37: MON | L37: TUE | M37: WED | N37: THU | O37: FRI | P37: SAT | R37: SUN | S37: MON | T37: TUE | U37: WED | V37: THU | W37: FRI | X37: SAT
B38: =IF(AND((0*7+0-($BA$7-1)+1)>=1,(0*7+0-($BA$7-1)+1)<=$BB$7),$AZ$7+(0*7+0-($BA$7-1)+1)-1,"") | C38: =IF(AND((0*7+1-($BA$7-1)+1)>=1,(0*7+1-($BA$7-1)+1)<=$BB$7),$AZ$7+(0*7+1-($BA$7-1)+1)-1,"") | D38: =IF(AND((0*7+2-($BA$7-1)+1)>=1,(0*7+2-($BA$7-1)+1)<=$BB$7),$AZ$7+(0*7+2-($BA$7-1)+1)-1,"") | E38: =IF(AND((0*7+3-($BA$7-1)+1)>=1,(0*7+3-($BA$7-1)+1)<=$BB$7),$AZ$7+(0*7+3-($BA$7-1)+1)-1,"") -> 46204 | F38: =IF(AND((0*7+4-($BA$7-1)+1)>=1,(0*7+4-($BA$7-1)+1)<=$BB$7),$AZ$7+(0*7+4-($BA$7-1)+1)-1,"") -> 46205 | G38: =IF(AND((0*7+5-($BA$7-1)+1)>=1,(0*7+5-($BA$7-1)+1)<=$BB$7),$AZ$7+(0*7+5-($BA$7-1)+1)-1,"") -> 46206 | H38: =IF(AND((0*7+6-($BA$7-1)+1)>=1,(0*7+6-($BA$7-1)+1)<=$BB$7),$AZ$7+(0*7+6-($BA$7-1)+1)-1,"") -> 46207 | J38: =IF(AND((0*7+0-($BA$8-1)+1)>=1,(0*7+0-($BA$8-1)+1)<=$BB$8),$AZ$8+(0*7+0-($BA$8-1)+1)-1,"") | K38: =IF(AND((0*7+1-($BA$8-1)+1)>=1,(0*7+1-($BA$8-1)+1)<=$BB$8),$AZ$8+(0*7+1-($BA$8-1)+1)-1,"") | L38: =IF(AND((0*7+2-($BA$8-1)+1)>=1,(0*7+2-($BA$8-1)+1)<=$BB$8),$AZ$8+(0*7+2-($BA$8-1)+1)-1,"") | M38: =IF(AND((0*7+3-($BA$8-1)+1)>=1,(0*7+3-($BA$8-1)+1)<=$BB$8),$AZ$8+(0*7+3-($BA$8-1)+1)-1,"") | N38: =IF(AND((0*7+4-($BA$8-1)+1)>=1,(0*7+4-($BA$8-1)+1)<=$BB$8),$AZ$8+(0*7+4-($BA$8-1)+1)-1,"") | O38: =IF(AND((0*7+5-($BA$8-1)+1)>=1,(0*7+5-($BA$8-1)+1)<=$BB$8),$AZ$8+(0*7+5-($BA$8-1)+1)-1,"") | P38: =IF(AND((0*7+6-($BA$8-1)+1)>=1,(0*7+6-($BA$8-1)+1)<=$BB$8),$AZ$8+(0*7+6-($BA$8-1)+1)-1,"") -> 46235 | R38: =IF(AND((0*7+0-($BA$9-1)+1)>=1,(0*7+0-($BA$9-1)+1)<=$BB$9),$AZ$9+(0*7+0-($BA$9-1)+1)-1,"") | S38: =IF(AND((0*7+1-($BA$9-1)+1)>=1,(0*7+1-($BA$9-1)+1)<=$BB$9),$AZ$9+(0*7+1-($BA$9-1)+1)-1,"") | T38: =IF(AND((0*7+2-($BA$9-1)+1)>=1,(0*7+2-($BA$9-1)+1)<=$BB$9),$AZ$9+(0*7+2-($BA$9-1)+1)-1,"") -> 46266 | U38: =IF(AND((0*7+3-($BA$9-1)+1)>=1,(0*7+3-($BA$9-1)+1)<=$BB$9),$AZ$9+(0*7+3-($BA$9-1)+1)-1,"") -> 46267 | V38: =IF(AND((0*7+4-($BA$9-1)+1)>=1,(0*7+4-($BA$9-1)+1)<=$BB$9),$AZ$9+(0*7+4-($BA$9-1)+1)-1,"") -> 46268 | W38: =IF(AND((0*7+5-($BA$9-1)+1)>=1,(0*7+5-($BA$9-1)+1)<=$BB$9),$AZ$9+(0*7+5-($BA$9-1)+1)-1,"") -> 46269 | X38: =IF(AND((0*7+6-($BA$9-1)+1)>=1,(0*7+6-($BA$9-1)+1)<=$BB$9),$AZ$9+(0*7+6-($BA$9-1)+1)-1,"") -> 46270
B39: =IF(B38="","",IFERROR("● "&INDEX('Release Calendar'!$B$5:$B$504,MATCH(B38,'Release Calendar'!$I$5:$I$504,0))&" · Start ","")&IFERROR("● "&INDEX('Release Calendar'!$B$5:$B$504,MATCH(B38,'Release Calendar'!$J$5:$J$504,0))&" · Target ","")) | C39: =IF(C38="","",IFERROR("● "&INDEX('Release Calendar'!$B$5:$B$504,MATCH(C38,'Release Calendar'!$I$5:$I$504,0))&" · Start ","")&IFERROR("● "&INDEX('Release Calendar'!$B$5:$B$504,MATCH(C38,'Release Calendar'!$J$5:$J$504,0))&" · Target ","")) | D39: =IF(D38="","",IFERROR("● "&INDEX('Release Calendar'!$B$5:$B$504,MATCH(D38,'Release Calendar'!$I$5:$I$504,0))&" · Start ","")&IFERROR("● "&INDEX('Release Calendar'!$B$5:$B$504,MATCH(D38,'Release Calendar'!$J$5:$J$504,0))&" · Target ","")) | E39: =IF(E38="","",IFERROR("● "&INDEX('Release Calendar'!$B$5:$B$504,MATCH(E38,'Release Calendar'!$I$5:$I$504,0))&" · Start ","")&IFERROR("● "&INDEX('Release Calendar'!$B$5:$B$504,MATCH(E38,'Release Calendar'!$J$5:$J$504,0))&" · Target ","")) | F39: =IF(F38="","",IFERROR("● "&INDEX('Release Calendar'!$B$5:$B$504,MATCH(F38,'Release Calendar'!$I$5:$I$504,0))&" · Start ","")&IFERROR("● "&INDEX('Release Calendar'!$B$5:$B$504,MATCH(F38,'Release Calendar'!$J$5:$J$504,0))&" · Target ","")) | G39: =IF(G38="","",IFERROR("● "&INDEX('Release Calendar'!$B$5:$B$504,MATCH(G38,'Release Calendar'!$I$5:$I$504,0))&" · Start ","")&IFERROR("● "&INDEX('Release Calendar'!$B$5:$B$504,MATCH(G38,'Release Calendar'!$J$5:$J$504,0))&" · Target ","")) | H39: =IF(H38="","",IFERROR("● "&INDEX('Release Calendar'!$B$5:$B$504,MATCH(H38,'Release Calendar'!$I$5:$I$504,0))&" · Start ","")&IFERROR("● "&INDEX('Release Calendar'!$B$5:$B$504,MATCH(H38,'Release Calendar'!$J$5:$J$504,0))&" · Target ","")) | J39: =IF(J38="","",IFERROR("● "&INDEX('Release Calendar'!$B$5:$B$504,MATCH(J38,'Release Calendar'!$I$5:$I$504,0))&" · Start ","")&IFERROR("● "&INDEX('Release Calendar'!$B$5:$B$504,MATCH(J38,'Release Calendar'!$J$5:$J$504,0))&" · Target ","")) | K39: =IF(K38="","",IFERROR("● "&INDEX('Release Calendar'!$B$5:$B$504,MATCH(K38,'Release Calendar'!$I$5:$I$504,0))&" · Start ","")&IFERROR("● "&INDEX('Release Calendar'!$B$5:$B$504,MATCH(K38,'Release Calendar'!$J$5:$J$504,0))&" · Target ","")) | L39: =IF(L38="","",IFERROR("● "&INDEX('Release Calendar'!$B$5:$B$504,MATCH(L38,'Release Calendar'!$I$5:$I$504,0))&" · Start ","")&IFERROR("● "&INDEX('Release Calendar'!$B$5:$B$504,MATCH(L38,'Release Calendar'!$J$5:$J$504,0))&" · Target ","")) | M39: =IF(M38="","",IFERROR("● "&INDEX('Release Calendar'!$B$5:$B$504,MATCH(M38,'Release Calendar'!$I$5:$I$504,0))&" · Start ","")&IFERROR("● "&INDEX('Release Calendar'!$B$5:$B$504,MATCH(M38,'Release Calendar'!$J$5:$J$504,0))&" · Target ","")) | N39: =IF(N38="","",IFERROR("● "&INDEX('Release Calendar'!$B$5:$B$504,MATCH(N38,'Release Calendar'!$I$5:$I$504,0))&" · Start ","")&IFERROR("● "&INDEX('Release Calendar'!$B$5:$B$504,MATCH(N38,'Release Calendar'!$J$5:$J$504,0))&" · Target ","")) | O39: =IF(O38="","",IFERROR("● "&INDEX('Release Calendar'!$B$5:$B$504,MATCH(O38,'Release Calendar'!$I$5:$I$504,0))&" · Start ","")&IFERROR("● "&INDEX('Release Calendar'!$B$5:$B$504,MATCH(O38,'Release Calendar'!$J$5:$J$504,0))&" · Target ","")) | P39: =IF(P38="","",IFERROR("● "&INDEX('Release Calendar'!$B$5:$B$504,MATCH(P38,'Release Calendar'!$I$5:$I$504,0))&" · Start ","")&IFERROR("● "&INDEX('Release Calendar'!$B$5:$B$504,MATCH(P38,'Release Calendar'!$J$5:$J$504,0))&" · Target ","")) | R39: =IF(R38="","",IFERROR("● "&INDEX('Release Calendar'!$B$5:$B$504,MATCH(R38,'Release Calendar'!$I$5:$I$504,0))&" · Start ","")&IFERROR("● "&INDEX('Release Calendar'!$B$5:$B$504,MATCH(R38,'Release Calendar'!$J$5:$J$504,0))&" · Target ","")) | S39: =IF(S38="","",IFERROR("● "&INDEX('Release Calendar'!$B$5:$B$504,MATCH(S38,'Release Calendar'!$I$5:$I$504,0))&" · Start ","")&IFERROR("● "&INDEX('Release Calendar'!$B$5:$B$504,MATCH(S38,'Release Calendar'!$J$5:$J$504,0))&" · Target ","")) | T39: =IF(T38="","",IFERROR("● "&INDEX('Release Calendar'!$B$5:$B$504,MATCH(T38,'Release Calendar'!$I$5:$I$504,0))&" · Start ","")&IFERROR("● "&INDEX('Release Calendar'!$B$5:$B$504,MATCH(T38,'Release Calendar'!$J$5:$J$504,0))&" · Target ","")) -> ● Reward Hub Ceo Category · Start | U39: =IF(U38="","",IFERROR("● "&INDEX('Release Calendar'!$B$5:$B$504,MATCH(U38,'Release Calendar'!$I$5:$I$504,0))&" · Start ","")&IFERROR("● "&INDEX('Release Calendar'!$B$5:$B$504,MATCH(U38,'Release Calendar'!$J$5:$J$504,0))&" · Target ","")) -> ● Daily Kpi Report - Addition of KPIs · Start ● Daily Kpi Report - Addition of KPIs · Target | V39: =IF(V38="","",IFERROR("● "&INDEX('Release Calendar'!$B$5:$B$504,MATCH(V38,'Release Calendar'!$I$5:$I$504,0))&" · Start ","")&IFERROR("● "&INDEX('Release Calendar'!$B$5:$B$504,MATCH(V38,'Release Calendar'!$J$5:$J$504,0))&" · Target ","")) | W39: =IF(W38="","",IFERROR("● "&INDEX('Release Calendar'!$B$5:$B$504,MATCH(W38,'Release Calendar'!$I$5:$I$504,0))&" · Start ","")&IFERROR("● "&INDEX('Release Calendar'!$B$5:$B$504,MATCH(W38,'Release Calendar'!$J$5:$J$504,0))&" · Target ","")) -> ● Reward Hub Ceo Category · Target | X39: =IF(X38="","",IFERROR("● "&INDEX('Release Calendar'!$B$5:$B$504,MATCH(X38,'Release Calendar'!$I$5:$I$504,0))&" · Start ","")&IFERROR("● "&INDEX('Release Calendar'!$B$5:$B$504,MATCH(X38,'Release Calendar'!$J$5:$J$504,0))&" · Target ",""))
B40: =IF(AND((1*7+0-($BA$7-1)+1)>=1,(1*7+0-($BA$7-1)+1)<=$BB$7),$AZ$7+(1*7+0-($BA$7-1)+1)-1,"") -> 46208 | C40: =IF(AND((1*7+1-($BA$7-1)+1)>=1,(1*7+1-($BA$7-1)+1)<=$BB$7),$AZ$7+(1*7+1-($BA$7-1)+1)-1,"") -> 46209 | D40: =IF(AND((1*7+2-($BA$7-1)+1)>=1,(1*7+2-($BA$7-1)+1)<=$BB$7),$AZ$7+(1*7+2-($BA$7-1)+1)-1,"") -> 46210 | E40: =IF(AND((1*7+3-($BA$7-1)+1)>=1,(1*7+3-($BA$7-1)+1)<=$BB$7),$AZ$7+(1*7+3-($BA$7-1)+1)-1,"") -> 46211 | F40: =IF(AND((1*7+4-($BA$7-1)+1)>=1,(1*7+4-($BA$7-1)+1)<=$BB$7),$AZ$7+(1*7+4-($BA$7-1)+1)-1,"") -> 46212 | G40: =IF(AND((1*7+5-($BA$7-1)+1)>=1,(1*7+5-($BA$7-1)+1)<=$BB$7),$AZ$7+(1*7+5-($BA$7-1)+1)-1,"") -> 46213 | H40: =IF(AND((1*7+6-($BA$7-1)+1)>=1,(1*7+6-($BA$7-1)+1)<=$BB$7),$AZ$7+(1*7+6-($BA$7-1)+1)-1,"") -> 46214 | J40: =IF(AND((1*7+0-($BA$8-1)+1)>=1,(1*7+0-($BA$8-1)+1)<=$BB$8),$AZ$8+(1*7+0-($BA$8-1)+1)-1,"") -> 46236 | K40: =IF(AND((1*7+1-($BA$8-1)+1)>=1,(1*7+1-($BA$8-1)+1)<=$BB$8),$AZ$8+(1*7+1-($BA$8-1)+1)-1,"") -> 46237 | L40: =IF(AND((1*7+2-($BA$8-1)+1)>=1,(1*7+2-($BA$8-1)+1)<=$BB$8),$AZ$8+(1*7+2-($BA$8-1)+1)-1,"") -> 46238 | M40: =IF(AND((1*7+3-($BA$8-1)+1)>=1,(1*7+3-($BA$8-1)+1)<=$BB$8),$AZ$8+(1*7+3-($BA$8-1)+1)-1,"") -> 46239 | N40: =IF(AND((1*7+4-($BA$8-1)+1)>=1,(1*7+4-($BA$8-1)+1)<=$BB$8),$AZ$8+(1*7+4-($BA$8-1)+1)-1,"") -> 46240 | O40: =IF(AND((1*7+5-($BA$8-1)+1)>=1,(1*7+5-($BA$8-1)+1)<=$BB$8),$AZ$8+(1*7+5-($BA$8-1)+1)-1,"") -> 46241 | P40: =IF(AND((1*7+6-($BA$8-1)+1)>=1,(1*7+6-($BA$8-1)+1)<=$BB$8),$AZ$8+(1*7+6-($BA$8-1)+1)-1,"") -> 46242 | R40: =IF(AND((1*7+0-($BA$9-1)+1)>=1,(1*7+0-($BA$9-1)+1)<=$BB$9),$AZ$9+(1*7+0-($BA$9-1)+1)-1,"") -> 46271 | S40: =IF(AND((1*7+1-($BA$9-1)+1)>=1,(1*7+1-($BA$9-1)+1)<=$BB$9),$AZ$9+(1*7+1-($BA$9-1)+1)-1,"") -> 46272 | T40: =IF(AND((1*7+2-($BA$9-1)+1)>=1,(1*7+2-($BA$9-1)+1)<=$BB$9),$AZ$9+(1*7+2-($BA$9-1)+1)-1,"") -> 46273 | U40: =IF(AND((1*7+3-($BA$9-1)+1)>=1,(1*7+3-($BA$9-1)+1)<=$BB$9),$AZ$9+(1*7+3-($BA$9-1)+1)-1,"") -> 46274 | V40: =IF(AND((1*7+4-($BA$9-1)+1)>=1,(1*7+4-($BA$9-1)+1)<=$BB$9),$AZ$9+(1*7+4-($BA$9-1)+1)-1,"") -> 46275 | W40: =IF(AND((1*7+5-($BA$9-1)+1)>=1,(1*7+5-($BA$9-1)+1)<=$BB$9),$AZ$9+(1*7+5-($BA$9-1)+1)-1,"") -> 46276 | X40: =IF(AND((1*7+6-($BA$9-1)+1)>=1,(1*7+6-($BA$9-1)+1)<=$BB$9),$AZ$9+(1*7+6-($BA$9-1)+1)-1,"") -> 46277
B41: =IF(B40="","",IFERROR("● "&INDEX('Release Calendar'!$B$5:$B$504,MATCH(B40,'Release Calendar'!$I$5:$I$504,0))&" · Start ","")&IFERROR("● "&INDEX('Release Calendar'!$B$5:$B$504,MATCH(B40,'Release Calendar'!$J$5:$J$504,0))&" · Target ","")) | C41: =IF(C40="","",IFERROR("● "&INDEX('Release Calendar'!$B$5:$B$504,MATCH(C40,'Release Calendar'!$I$5:$I$504,0))&" · Start ","")&IFERROR("● "&INDEX('Release Calendar'!$B$5:$B$504,MATCH(C40,'Release Calendar'!$J$5:$J$504,0))&" · Target ","")) | D41: =IF(D40="","",IFERROR("● "&INDEX('Release Calendar'!$B$5:$B$504,MATCH(D40,'Release Calendar'!$I$5:$I$504,0))&" · Start ","")&IFERROR("● "&INDEX('Release Calendar'!$B$5:$B$504,MATCH(D40,'Release Calendar'!$J$5:$J$504,0))&" · Target ","")) | E41: =IF(E40="","",IFERROR("● "&INDEX('Release Calendar'!$B$5:$B$504,MATCH(E40,'Release Calendar'!$I$5:$I$504,0))&" · Start ","")&IFERROR("● "&INDEX('Release Calendar'!$B$5:$B$504,MATCH(E40,'Release Calendar'!$J$5:$J$504,0))&" · Target ","")) | F41: =IF(F40="","",IFERROR("● "&INDEX('Release Calendar'!$B$5:$B$504,MATCH(F40,'Release Calendar'!$I$5:$I$504,0))&" · Start ","")&IFERROR("● "&INDEX('Release Calendar'!$B$5:$B$504,MATCH(F40,'Release Calendar'!$J$5:$J$504,0))&" · Target ","")) | G41: =IF(G40="","",IFERROR("● "&INDEX('Release Calendar'!$B$5:$B$504,MATCH(G40,'Release Calendar'!$I$5:$I$504,0))&" · Start ","")&IFERROR("● "&INDEX('Release Calendar'!$B$5:$B$504,MATCH(G40,'Release Calendar'!$J$5:$J$504,0))&" · Target ","")) | H41: =IF(H40="","",IFERROR("● "&INDEX('Release Calendar'!$B$5:$B$504,MATCH(H40,'Release Calendar'!$I$5:$I$504,0))&" · Start ","")&IFERROR("● "&INDEX('Release Calendar'!$B$5:$B$504,MATCH(H40,'Release Calendar'!$J$5:$J$504,0))&" · Target ","")) | J41: =IF(J40="","",IFERROR("● "&INDEX('Release Calendar'!$B$5:$B$504,MATCH(J40,'Release Calendar'!$I$5:$I$504,0))&" · Start ","")&IFERROR("● "&INDEX('Release Calendar'!$B$5:$B$504,MATCH(J40,'Release Calendar'!$J$5:$J$504,0))&" · Target ","")) | K41: =IF(K40="","",IFERROR("● "&INDEX('Release Calendar'!$B$5:$B$504,MATCH(K40,'Release Calendar'!$I$5:$I$504,0))&" · Start ","")&IFERROR("● "&INDEX('Release Calendar'!$B$5:$B$504,MATCH(K40,'Release Calendar'!$J$5:$J$504,0))&" · Target ","")) -> ● Multiplay 90 Days (Pre and Post) · Start | L41: =IF(L40="","",IFERROR("● "&INDEX('Release Calendar'!$B$5:$B$504,MATCH(L40,'Release Calendar'!$I$5:$I$504,0))&" · Start ","")&IFERROR("● "&INDEX('Release Calendar'!$B$5:$B$504,MATCH(L40,'Release Calendar'!$J$5:$J$504,0))&" · Target ","")) -> ● BVS Sales Old Age flag Core · Start | M41: =IF(M40="","",IFERROR("● "&INDEX('Release Calendar'!$B$5:$B$504,MATCH(M40,'Release Calendar'!$I$5:$I$504,0))&" · Start ","")&IFERROR("● "&INDEX('Release Calendar'!$B$5:$B$504,MATCH(M40,'Release Calendar'!$J$5:$J$504,0))&" · Target ","")) | N41: =IF(N40="","",IFERROR("● "&INDEX('Release Calendar'!$B$5:$B$504,MATCH(N40,'Release Calendar'!$I$5:$I$504,0))&" · Start ","")&IFERROR("● "&INDEX('Release Calendar'!$B$5:$B$504,MATCH(N40,'Release Calendar'!$J$5:$J$504,0))&" · Target ","")) | O41: =IF(O40="","",IFERROR("● "&INDEX('Release Calendar'!$B$5:$B$504,MATCH(O40,'Release Calendar'!$I$5:$I$504,0))&" · Start ","")&IFERROR("● "&INDEX('Release Calendar'!$B$5:$B$504,MATCH(O40,'Release Calendar'!$J$5:$J$504,0))&" · Target ","")) | P41: =IF(P40="","",IFERROR("● "&INDEX('Release Calendar'!$B$5:$B$504,MATCH(P40,'Release Calendar'!$I$5:$I$504,0))&" · Start ","")&IFERROR("● "&INDEX('Release Calendar'!$B$5:$B$504,MATCH(P40,'Release Calendar'!$J$5:$J$504,0))&" · Target ","")) | R41: =IF(R40="","",IFERROR("● "&INDEX('Release Calendar'!$B$5:$B$504,MATCH(R40,'Release Calendar'!$I$5:$I$504,0))&" · Start ","")&IFERROR("● "&INDEX('Release Calendar'!$B$5:$B$504,MATCH(R40,'Release Calendar'!$J$5:$J$504,0))&" · Target ","")) | S41: =IF(S40="","",IFERROR("● "&INDEX('Release Calendar'!$B$5:$B$504,MATCH(S40,'Release Calendar'!$I$5:$I$504,0))&" · Start ","")&IFERROR("● "&INDEX('Release Calendar'!$B$5:$B$504,MATCH(S40,'Release Calendar'!$J$5:$J$504,0))&" · Target ","")) -> ● Reward Hub - CEO addition · Start | T41: =IF(T40="","",IFERROR("● "&INDEX('Release Calendar'!$B$5:$B$504,MATCH(T40,'Release Calendar'!$I$5:$I$504,0))&" · Start ","")&IFERROR("● "&INDEX('Release Calendar'!$B$5:$B$504,MATCH(T40,'Release Calendar'!$J$5:$J$504,0))&" · Target ","")) -> ● Simosa Parent Child Sourcing · Start | U41: =IF(U40="","",IFERROR("● "&INDEX('Release Calendar'!$B$5:$B$504,MATCH(U40,'Release Calendar'!$I$5:$I$504,0))&" · Start ","")&IFERROR("● "&INDEX('Release Calendar'!$B$5:$B$504,MATCH(U40,'Release Calendar'!$J$5:$J$504,0))&" · Target ","")) -> ● Daily KPI Report- Addition of App Kpis · Start ● Daily KPI Report- Addition of App Kpis · Target | V41: =IF(V40="","",IFERROR("● "&INDEX('Release Calendar'!$B$5:$B$504,MATCH(V40,'Release Calendar'!$I$5:$I$504,0))&" · Start ","")&IFERROR("● "&INDEX('Release Calendar'!$B$5:$B$504,MATCH(V40,'Release Calendar'!$J$5:$J$504,0))&" · Target ","")) -> ● CPS License Log & Daily OFT Report · Start ● Reward Hub - CEO addition · Target | W41: =IF(W40="","",IFERROR("● "&INDEX('Release Calendar'!$B$5:$B$504,MATCH(W40,'Release Calendar'!$I$5:$I$504,0))&" · Start ","")&IFERROR("● "&INDEX('Release Calendar'!$B$5:$B$504,MATCH(W40,'Release Calendar'!$J$5:$J$504,0))&" · Target ","")) | X41: =IF(X40="","",IFERROR("● "&INDEX('Release Calendar'!$B$5:$B$504,MATCH(X40,'Release Calendar'!$I$5:$I$504,0))&" · Start ","")&IFERROR("● "&INDEX('Release Calendar'!$B$5:$B$504,MATCH(X40,'Release Calendar'!$J$5:$J$504,0))&" · Target ",""))
B42: =IF(AND((2*7+0-($BA$7-1)+1)>=1,(2*7+0-($BA$7-1)+1)<=$BB$7),$AZ$7+(2*7+0-($BA$7-1)+1)-1,"") -> 46215 | C42: =IF(AND((2*7+1-($BA$7-1)+1)>=1,(2*7+1-($BA$7-1)+1)<=$BB$7),$AZ$7+(2*7+1-($BA$7-1)+1)-1,"") -> 46216 | D42: =IF(AND((2*7+2-($BA$7-1)+1)>=1,(2*7+2-($BA$7-1)+1)<=$BB$7),$AZ$7+(2*7+2-($BA$7-1)+1)-1,"") -> 46217 | E42: =IF(AND((2*7+3-($BA$7-1)+1)>=1,(2*7+3-($BA$7-1)+1)<=$BB$7),$AZ$7+(2*7+3-($BA$7-1)+1)-1,"") -> 46218 | F42: =IF(AND((2*7+4-($BA$7-1)+1)>=1,(2*7+4-($BA$7-1)+1)<=$BB$7),$AZ$7+(2*7+4-($BA$7-1)+1)-1,"") -> 46219 | G42: =IF(AND((2*7+5-($BA$7-1)+1)>=1,(2*7+5-($BA$7-1)+1)<=$BB$7),$AZ$7+(2*7+5-($BA$7-1)+1)-1,"") -> 46220 | H42: =IF(AND((2*7+6-($BA$7-1)+1)>=1,(2*7+6-($BA$7-1)+1)<=$BB$7),$AZ$7+(2*7+6-($BA$7-1)+1)-1,"") -> 46221 | J42: =IF(AND((2*7+0-($BA$8-1)+1)>=1,(2*7+0-($BA$8-1)+1)<=$BB$8),$AZ$8+(2*7+0-($BA$8-1)+1)-1,"") -> 46243 | K42: =IF(AND((2*7+1-($BA$8-1)+1)>=1,(2*7+1-($BA$8-1)+1)<=$BB$8),$AZ$8+(2*7+1-($BA$8-1)+1)-1,"") -> 46244 | L42: =IF(AND((2*7+2-($BA$8-1)+1)>=1,(2*7+2-($BA$8-1)+1)<=$BB$8),$AZ$8+(2*7+2-($BA$8-1)+1)-1,"") -> 46245 | M42: =IF(AND((2*7+3-($BA$8-1)+1)>=1,(2*7+3-($BA$8-1)+1)<=$BB$8),$AZ$8+(2*7+3-($BA$8-1)+1)-1,"") -> 46246 | N42: =IF(AND((2*7+4-($BA$8-1)+1)>=1,(2*7+4-($BA$8-1)+1)<=$BB$8),$AZ$8+(2*7+4-($BA$8-1)+1)-1,"") -> 46247 | O42: =IF(AND((2*7+5-($BA$8-1)+1)>=1,(2*7+5-($BA$8-1)+1)<=$BB$8),$AZ$8+(2*7+5-($BA$8-1)+1)-1,"") -> 46248 | P42: =IF(AND((2*7+6-($BA$8-1)+1)>=1,(2*7+6-($BA$8-1)+1)<=$BB$8),$AZ$8+(2*7+6-($BA$8-1)+1)-1,"") -> 46249 | R42: =IF(AND((2*7+0-($BA$9-1)+1)>=1,(2*7+0-($BA$9-1)+1)<=$BB$9),$AZ$9+(2*7+0-($BA$9-1)+1)-1,"") -> 46278 | S42: =IF(AND((2*7+1-($BA$9-1)+1)>=1,(2*7+1-($BA$9-1)+1)<=$BB$9),$AZ$9+(2*7+1-($BA$9-1)+1)-1,"") -> 46279 | T42: =IF(AND((2*7+2-($BA$9-1)+1)>=1,(2*7+2-($BA$9-1)+1)<=$BB$9),$AZ$9+(2*7+2-($BA$9-1)+1)-1,"") -> 46280 | U42: =IF(AND((2*7+3-($BA$9-1)+1)>=1,(2*7+3-($BA$9-1)+1)<=$BB$9),$AZ$9+(2*7+3-($BA$9-1)+1)-1,"") -> 46281 | V42: =IF(AND((2*7+4-($BA$9-1)+1)>=1,(2*7+4-($BA$9-1)+1)<=$BB$9),$AZ$9+(2*7+4-($BA$9-1)+1)-1,"") -> 46282 | W42: =IF(AND((2*7+5-($BA$9-1)+1)>=1,(2*7+5-($BA$9-1)+1)<=$BB$9),$AZ$9+(2*7+5-($BA$9-1)+1)-1,"") -> 46283 | X42: =IF(AND((2*7+6-($BA$9-1)+1)>=1,(2*7+6-($BA$9-1)+1)<=$BB$9),$AZ$9+(2*7+6-($BA$9-1)+1)-1,"") -> 46284
B43: =IF(B42="","",IFERROR("● "&INDEX('Release Calendar'!$B$5:$B$504,MATCH(B42,'Release Calendar'!$I$5:$I$504,0))&" · Start ","")&IFERROR("● "&INDEX('Release Calendar'!$B$5:$B$504,MATCH(B42,'Release Calendar'!$J$5:$J$504,0))&" · Target ","")) | C43: =IF(C42="","",IFERROR("● "&INDEX('Release Calendar'!$B$5:$B$504,MATCH(C42,'Release Calendar'!$I$5:$I$504,0))&" · Start ","")&IFERROR("● "&INDEX('Release Calendar'!$B$5:$B$504,MATCH(C42,'Release Calendar'!$J$5:$J$504,0))&" · Target ","")) | D43: =IF(D42="","",IFERROR("● "&INDEX('Release Calendar'!$B$5:$B$504,MATCH(D42,'Release Calendar'!$I$5:$I$504,0))&" · Start ","")&IFERROR("● "&INDEX('Release Calendar'!$B$5:$B$504,MATCH(D42,'Release Calendar'!$J$5:$J$504,0))&" · Target ","")) | E43: =IF(E42="","",IFERROR("● "&INDEX('Release Calendar'!$B$5:$B$504,MATCH(E42,'Release Calendar'!$I$5:$I$504,0))&" · Start ","")&IFERROR("● "&INDEX('Release Calendar'!$B$5:$B$504,MATCH(E42,'Release Calendar'!$J$5:$J$504,0))&" · Target ","")) | F43: =IF(F42="","",IFERROR("● "&INDEX('Release Calendar'!$B$5:$B$504,MATCH(F42,'Release Calendar'!$I$5:$I$504,0))&" · Start ","")&IFERROR("● "&INDEX('Release Calendar'!$B$5:$B$504,MATCH(F42,'Release Calendar'!$J$5:$J$504,0))&" · Target ","")) | G43: =IF(G42="","",IFERROR("● "&INDEX('Release Calendar'!$B$5:$B$504,MATCH(G42,'Release Calendar'!$I$5:$I$504,0))&" · Start ","")&IFERROR("● "&INDEX('Release Calendar'!$B$5:$B$504,MATCH(G42,'Release Calendar'!$J$5:$J$504,0))&" · Target ","")) | H43: =IF(H42="","",IFERROR("● "&INDEX('Release Calendar'!$B$5:$B$504,MATCH(H42,'Release Calendar'!$I$5:$I$504,0))&" · Start ","")&IFERROR("● "&INDEX('Release Calendar'!$B$5:$B$504,MATCH(H42,'Release Calendar'!$J$5:$J$504,0))&" · Target ","")) | J43: =IF(J42="","",IFERROR("● "&INDEX('Release Calendar'!$B$5:$B$504,MATCH(J42,'Release Calendar'!$I$5:$I$504,0))&" · Start ","")&IFERROR("● "&INDEX('Release Calendar'!$B$5:$B$504,MATCH(J42,'Release Calendar'!$J$5:$J$504,0))&" · Target ","")) -> ● live app hierarchy fix · Start ● live app hierarchy fix · Target | K43: =IF(K42="","",IFERROR("● "&INDEX('Release Calendar'!$B$5:$B$504,MATCH(K42,'Release Calendar'!$I$5:$I$504,0))&" · Start ","")&IFERROR("● "&INDEX('Release Calendar'!$B$5:$B$504,MATCH(K42,'Release Calendar'!$J$5:$J$504,0))&" · Target ","")) -> ● OMNI API table export · Start | L43: =IF(L42="","",IFERROR("● "&INDEX('Release Calendar'!$B$5:$B$504,MATCH(L42,'Release Calendar'!$I$5:$I$504,0))&" · Start ","")&IFERROR("● "&INDEX('Release Calendar'!$B$5:$B$504,MATCH(L42,'Release Calendar'!$J$5:$J$504,0))&" · Target ","")) | M43: =IF(M42="","",IFERROR("● "&INDEX('Release Calendar'!$B$5:$B$504,MATCH(M42,'Release Calendar'!$I$5:$I$504,0))&" · Start ","")&IFERROR("● "&INDEX('Release Calendar'!$B$5:$B$504,MATCH(M42,'Release Calendar'!$J$5:$J$504,0))&" · Target ","")) -> ● BVS Sales Old Age flag Semantic · Start ● BVS Sales Old Age flag Core · Target | N43: =IF(N42="","",IFERROR("● "&INDEX('Release Calendar'!$B$5:$B$504,MATCH(N42,'Release Calendar'!$I$5:$I$504,0))&" · Start ","")&IFERROR("● "&INDEX('Release Calendar'!$B$5:$B$504,MATCH(N42,'Release Calendar'!$J$5:$J$504,0))&" · Target ","")) | O43: =IF(O42="","",IFERROR("● "&INDEX('Release Calendar'!$B$5:$B$504,MATCH(O42,'Release Calendar'!$I$5:$I$504,0))&" · Start ","")&IFERROR("● "&INDEX('Release Calendar'!$B$5:$B$504,MATCH(O42,'Release Calendar'!$J$5:$J$504,0))&" · Target ","")) | P43: =IF(P42="","",IFERROR("● "&INDEX('Release Calendar'!$B$5:$B$504,MATCH(P42,'Release Calendar'!$I$5:$I$504,0))&" · Start ","")&IFERROR("● "&INDEX('Release Calendar'!$B$5:$B$504,MATCH(P42,'Release Calendar'!$J$5:$J$504,0))&" · Target ","")) | R43: =IF(R42="","",IFERROR("● "&INDEX('Release Calendar'!$B$5:$B$504,MATCH(R42,'Release Calendar'!$I$5:$I$504,0))&" · Start ","")&IFERROR("● "&INDEX('Release Calendar'!$B$5:$B$504,MATCH(R42,'Release Calendar'!$J$5:$J$504,0))&" · Target ","")) | S43: =IF(S42="","",IFERROR("● "&INDEX('Release Calendar'!$B$5:$B$504,MATCH(S42,'Release Calendar'!$I$5:$I$504,0))&" · Start ","")&IFERROR("● "&INDEX('Release Calendar'!$B$5:$B$504,MATCH(S42,'Release Calendar'!$J$5:$J$504,0))&" · Target ","")) | T43: =IF(T42="","",IFERROR("● "&INDEX('Release Calendar'!$B$5:$B$504,MATCH(T42,'Release Calendar'!$I$5:$I$504,0))&" · Start ","")&IFERROR("● "&INDEX('Release Calendar'!$B$5:$B$504,MATCH(T42,'Release Calendar'!$J$5:$J$504,0))&" · Target ","")) | U43: =IF(U42="","",IFERROR("● "&INDEX('Release Calendar'!$B$5:$B$504,MATCH(U42,'Release Calendar'!$I$5:$I$504,0))&" · Start ","")&IFERROR("● "&INDEX('Release Calendar'!$B$5:$B$504,MATCH(U42,'Release Calendar'!$J$5:$J$504,0))&" · Target ","")) -> ● DFS Lifecycle new columns addition · Start ● DFS Lifecycle new columns addition · Target | V43: =IF(V42="","",IFERROR("● "&INDEX('Release Calendar'!$B$5:$B$504,MATCH(V42,'Release Calendar'!$I$5:$I$504,0))&" · Start ","")&IFERROR("● "&INDEX('Release Calendar'!$B$5:$B$504,MATCH(V42,'Release Calendar'!$J$5:$J$504,0))&" · Target ","")) | W43: =IF(W42="","",IFERROR("● "&INDEX('Release Calendar'!$B$5:$B$504,MATCH(W42,'Release Calendar'!$I$5:$I$504,0))&" · Start ","")&IFERROR("● "&INDEX('Release Calendar'!$B$5:$B$504,MATCH(W42,'Release Calendar'!$J$5:$J$504,0))&" · Target ","")) | X43: =IF(X42="","",IFERROR("● "&INDEX('Release Calendar'!$B$5:$B$504,MATCH(X42,'Release Calendar'!$I$5:$I$504,0))&" · Start ","")&IFERROR("● "&INDEX('Release Calendar'!$B$5:$B$504,MATCH(X42,'Release Calendar'!$J$5:$J$504,0))&" · Target ",""))
B44: =IF(AND((3*7+0-($BA$7-1)+1)>=1,(3*7+0-($BA$7-1)+1)<=$BB$7),$AZ$7+(3*7+0-($BA$7-1)+1)-1,"") -> 46222 | C44: =IF(AND((3*7+1-($BA$7-1)+1)>=1,(3*7+1-($BA$7-1)+1)<=$BB$7),$AZ$7+(3*7+1-($BA$7-1)+1)-1,"") -> 46223 | D44: =IF(AND((3*7+2-($BA$7-1)+1)>=1,(3*7+2-($BA$7-1)+1)<=$BB$7),$AZ$7+(3*7+2-($BA$7-1)+1)-1,"") -> 46224 | E44: =IF(AND((3*7+3-($BA$7-1)+1)>=1,(3*7+3-($BA$7-1)+1)<=$BB$7),$AZ$7+(3*7+3-($BA$7-1)+1)-1,"") -> 46225 | F44: =IF(AND((3*7+4-($BA$7-1)+1)>=1,(3*7+4-($BA$7-1)+1)<=$BB$7),$AZ$7+(3*7+4-($BA$7-1)+1)-1,"") -> 46226 | G44: =IF(AND((3*7+5-($BA$7-1)+1)>=1,(3*7+5-($BA$7-1)+1)<=$BB$7),$AZ$7+(3*7+5-($BA$7-1)+1)-1,"") -> 46227 | H44: =IF(AND((3*7+6-($BA$7-1)+1)>=1,(3*7+6-($BA$7-1)+1)<=$BB$7),$AZ$7+(3*7+6-($BA$7-1)+1)-1,"") -> 46228 | J44: =IF(AND((3*7+0-($BA$8-1)+1)>=1,(3*7+0-($BA$8-1)+1)<=$BB$8),$AZ$8+(3*7+0-($BA$8-1)+1)-1,"") -> 46250 | K44: =IF(AND((3*7+1-($BA$8-1)+1)>=1,(3*7+1-($BA$8-1)+1)<=$BB$8),$AZ$8+(3*7+1-($BA$8-1)+1)-1,"") -> 46251 | L44: =IF(AND((3*7+2-($BA$8-1)+1)>=1,(3*7+2-($BA$8-1)+1)<=$BB$8),$AZ$8+(3*7+2-($BA$8-1)+1)-1,"") -> 46252 | M44: =IF(AND((3*7+3-($BA$8-1)+1)>=1,(3*7+3-($BA$8-1)+1)<=$BB$8),$AZ$8+(3*7+3-($BA$8-1)+1)-1,"") -> 46253 | N44: =IF(AND((3*7+4-($BA$8-1)+1)>=1,(3*7+4-($BA$8-1)+1)<=$BB$8),$AZ$8+(3*7+4-($BA$8-1)+1)-1,"") -> 46254 | O44: =IF(AND((3*7+5-($BA$8-1)+1)>=1,(3*7+5-($BA$8-1)+1)<=$BB$8),$AZ$8+(3*7+5-($BA$8-1)+1)-1,"") -> 46255 | P44: =IF(AND((3*7+6-($BA$8-1)+1)>=1,(3*7+6-($BA$8-1)+1)<=$BB$8),$AZ$8+(3*7+6-($BA$8-1)+1)-1,"") -> 46256 | R44: =IF(AND((3*7+0-($BA$9-1)+1)>=1,(3*7+0-($BA$9-1)+1)<=$BB$9),$AZ$9+(3*7+0-($BA$9-1)+1)-1,"") -> 46285 | S44: =IF(AND((3*7+1-($BA$9-1)+1)>=1,(3*7+1-($BA$9-1)+1)<=$BB$9),$AZ$9+(3*7+1-($BA$9-1)+1)-1,"") -> 46286 | T44: =IF(AND((3*7+2-($BA$9-1)+1)>=1,(3*7+2-($BA$9-1)+1)<=$BB$9),$AZ$9+(3*7+2-($BA$9-1)+1)-1,"") -> 46287 | U44: =IF(AND((3*7+3-($BA$9-1)+1)>=1,(3*7+3-($BA$9-1)+1)<=$BB$9),$AZ$9+(3*7+3-($BA$9-1)+1)-1,"") -> 46288 | V44: =IF(AND((3*7+4-($BA$9-1)+1)>=1,(3*7+4-($BA$9-1)+1)<=$BB$9),$AZ$9+(3*7+4-($BA$9-1)+1)-1,"") -> 46289 | W44: =IF(AND((3*7+5-($BA$9-1)+1)>=1,(3*7+5-($BA$9-1)+1)<=$BB$9),$AZ$9+(3*7+5-($BA$9-1)+1)-1,"") -> 46290 | X44: =IF(AND((3*7+6-($BA$9-1)+1)>=1,(3*7+6-($BA$9-1)+1)<=$BB$9),$AZ$9+(3*7+6-($BA$9-1)+1)-1,"") -> 46291
B45: =IF(B44="","",IFERROR("● "&INDEX('Release Calendar'!$B$5:$B$504,MATCH(B44,'Release Calendar'!$I$5:$I$504,0))&" · Start ","")&IFERROR("● "&INDEX('Release Calendar'!$B$5:$B$504,MATCH(B44,'Release Calendar'!$J$5:$J$504,0))&" · Target ","")) | C45: =IF(C44="","",IFERROR("● "&INDEX('Release Calendar'!$B$5:$B$504,MATCH(C44,'Release Calendar'!$I$5:$I$504,0))&" · Start ","")&IFERROR("● "&INDEX('Release Calendar'!$B$5:$B$504,MATCH(C44,'Release Calendar'!$J$5:$J$504,0))&" · Target ","")) | D45: =IF(D44="","",IFERROR("● "&INDEX('Release Calendar'!$B$5:$B$504,MATCH(D44,'Release Calendar'!$I$5:$I$504,0))&" · Start ","")&IFERROR("● "&INDEX('Release Calendar'!$B$5:$B$504,MATCH(D44,'Release Calendar'!$J$5:$J$504,0))&" · Target ","")) | E45: =IF(E44="","",IFERROR("● "&INDEX('Release Calendar'!$B$5:$B$504,MATCH(E44,'Release Calendar'!$I$5:$I$504,0))&" · Start ","")&IFERROR("● "&INDEX('Release Calendar'!$B$5:$B$504,MATCH(E44,'Release Calendar'!$J$5:$J$504,0))&" · Target ","")) | F45: =IF(F44="","",IFERROR("● "&INDEX('Release Calendar'!$B$5:$B$504,MATCH(F44,'Release Calendar'!$I$5:$I$504,0))&" · Start ","")&IFERROR("● "&INDEX('Release Calendar'!$B$5:$B$504,MATCH(F44,'Release Calendar'!$J$5:$J$504,0))&" · Target ","")) | G45: =IF(G44="","",IFERROR("● "&INDEX('Release Calendar'!$B$5:$B$504,MATCH(G44,'Release Calendar'!$I$5:$I$504,0))&" · Start ","")&IFERROR("● "&INDEX('Release Calendar'!$B$5:$B$504,MATCH(G44,'Release Calendar'!$J$5:$J$504,0))&" · Target ","")) | H45: =IF(H44="","",IFERROR("● "&INDEX('Release Calendar'!$B$5:$B$504,MATCH(H44,'Release Calendar'!$I$5:$I$504,0))&" · Start ","")&IFERROR("● "&INDEX('Release Calendar'!$B$5:$B$504,MATCH(H44,'Release Calendar'!$J$5:$J$504,0))&" · Target ","")) | J45: =IF(J44="","",IFERROR("● "&INDEX('Release Calendar'!$B$5:$B$504,MATCH(J44,'Release Calendar'!$I$5:$I$504,0))&" · Start ","")&IFERROR("● "&INDEX('Release Calendar'!$B$5:$B$504,MATCH(J44,'Release Calendar'!$J$5:$J$504,0))&" · Target ","")) | K45: =IF(K44="","",IFERROR("● "&INDEX('Release Calendar'!$B$5:$B$504,MATCH(K44,'Release Calendar'!$I$5:$I$504,0))&" · Start ","")&IFERROR("● "&INDEX('Release Calendar'!$B$5:$B$504,MATCH(K44,'Release Calendar'!$J$5:$J$504,0))&" · Target ","")) -> ● Addition in Universal Charging Base · Start ● postpaid lifecycle hotfix · Target | L45: =IF(L44="","",IFERROR("● "&INDEX('Release Calendar'!$B$5:$B$504,MATCH(L44,'Release Calendar'!$I$5:$I$504,0))&" · Start ","")&IFERROR("● "&INDEX('Release Calendar'!$B$5:$B$504,MATCH(L44,'Release Calendar'!$J$5:$J$504,0))&" · Target ","")) -> ● UCIP_LKP update · Start ● Multiplay 90 Days (Pre and Post) · Target | M45: =IF(M44="","",IFERROR("● "&INDEX('Release Calendar'!$B$5:$B$504,MATCH(M44,'Release Calendar'!$I$5:$I$504,0))&" · Start ","")&IFERROR("● "&INDEX('Release Calendar'!$B$5:$B$504,MATCH(M44,'Release Calendar'!$J$5:$J$504,0))&" · Target ","")) -> ● Addition in Universal Charging Base · Target | N45: =IF(N44="","",IFERROR("● "&INDEX('Release Calendar'!$B$5:$B$504,MATCH(N44,'Release Calendar'!$I$5:$I$504,0))&" · Start ","")&IFERROR("● "&INDEX('Release Calendar'!$B$5:$B$504,MATCH(N44,'Release Calendar'!$J$5:$J$504,0))&" · Target ","")) | O45: =IF(O44="","",IFERROR("● "&INDEX('Release Calendar'!$B$5:$B$504,MATCH(O44,'Release Calendar'!$I$5:$I$504,0))&" · Start ","")&IFERROR("● "&INDEX('Release Calendar'!$B$5:$B$504,MATCH(O44,'Release Calendar'!$J$5:$J$504,0))&" · Target ","")) | P45: =IF(P44="","",IFERROR("● "&INDEX('Release Calendar'!$B$5:$B$504,MATCH(P44,'Release Calendar'!$I$5:$I$504,0))&" · Start ","")&IFERROR("● "&INDEX('Release Calendar'!$B$5:$B$504,MATCH(P44,'Release Calendar'!$J$5:$J$504,0))&" · Target ","")) | R45: =IF(R44="","",IFERROR("● "&INDEX('Release Calendar'!$B$5:$B$504,MATCH(R44,'Release Calendar'!$I$5:$I$504,0))&" · Start ","")&IFERROR("● "&INDEX('Release Calendar'!$B$5:$B$504,MATCH(R44,'Release Calendar'!$J$5:$J$504,0))&" · Target ","")) | S45: =IF(S44="","",IFERROR("● "&INDEX('Release Calendar'!$B$5:$B$504,MATCH(S44,'Release Calendar'!$I$5:$I$504,0))&" · Start ","")&IFERROR("● "&INDEX('Release Calendar'!$B$5:$B$504,MATCH(S44,'Release Calendar'!$J$5:$J$504,0))&" · Target ","")) -> ● Rox Achievement Fix · Start ● Rox Achievement Fix · Target | T45: =IF(T44="","",IFERROR("● "&INDEX('Release Calendar'!$B$5:$B$504,MATCH(T44,'Release Calendar'!$I$5:$I$504,0))&" · Start ","")&IFERROR("● "&INDEX('Release Calendar'!$B$5:$B$504,MATCH(T44,'Release Calendar'!$J$5:$J$504,0))&" · Target ","")) -> ● CPS License Log & Daily OFT Report · Target | U45: =IF(U44="","",IFERROR("● "&INDEX('Release Calendar'!$B$5:$B$504,MATCH(U44,'Release Calendar'!$I$5:$I$504,0))&" · Start ","")&IFERROR("● "&INDEX('Release Calendar'!$B$5:$B$504,MATCH(U44,'Release Calendar'!$J$5:$J$504,0))&" · Target ","")) -> ● NBO Lookup - New Sourcing · Start ● NBO Lookup - New Sourcing · Target | V45: =IF(V44="","",IFERROR("● "&INDEX('Release Calendar'!$B$5:$B$504,MATCH(V44,'Release Calendar'!$I$5:$I$504,0))&" · Start ","")&IFERROR("● "&INDEX('Release Calendar'!$B$5:$B$504,MATCH(V44,'Release Calendar'!$J$5:$J$504,0))&" · Target ","")) | W45: =IF(W44="","",IFERROR("● "&INDEX('Release Calendar'!$B$5:$B$504,MATCH(W44,'Release Calendar'!$I$5:$I$504,0))&" · Start ","")&IFERROR("● "&INDEX('Release Calendar'!$B$5:$B$504,MATCH(W44,'Release Calendar'!$J$5:$J$504,0))&" · Target ","")) -> ● Sales Fact 5G Date Addition · Start | X45: =IF(X44="","",IFERROR("● "&INDEX('Release Calendar'!$B$5:$B$504,MATCH(X44,'Release Calendar'!$I$5:$I$504,0))&" · Start ","")&IFERROR("● "&INDEX('Release Calendar'!$B$5:$B$504,MATCH(X44,'Release Calendar'!$J$5:$J$504,0))&" · Target ",""))
B46: =IF(AND((4*7+0-($BA$7-1)+1)>=1,(4*7+0-($BA$7-1)+1)<=$BB$7),$AZ$7+(4*7+0-($BA$7-1)+1)-1,"") -> 46229 | C46: =IF(AND((4*7+1-($BA$7-1)+1)>=1,(4*7+1-($BA$7-1)+1)<=$BB$7),$AZ$7+(4*7+1-($BA$7-1)+1)-1,"") -> 46230 | D46: =IF(AND((4*7+2-($BA$7-1)+1)>=1,(4*7+2-($BA$7-1)+1)<=$BB$7),$AZ$7+(4*7+2-($BA$7-1)+1)-1,"") -> 46231 | E46: =IF(AND((4*7+3-($BA$7-1)+1)>=1,(4*7+3-($BA$7-1)+1)<=$BB$7),$AZ$7+(4*7+3-($BA$7-1)+1)-1,"") -> 46232 | F46: =IF(AND((4*7+4-($BA$7-1)+1)>=1,(4*7+4-($BA$7-1)+1)<=$BB$7),$AZ$7+(4*7+4-($BA$7-1)+1)-1,"") -> 46233 | G46: =IF(AND((4*7+5-($BA$7-1)+1)>=1,(4*7+5-($BA$7-1)+1)<=$BB$7),$AZ$7+(4*7+5-($BA$7-1)+1)-1,"") -> 46234 | H46: =IF(AND((4*7+6-($BA$7-1)+1)>=1,(4*7+6-($BA$7-1)+1)<=$BB$7),$AZ$7+(4*7+6-($BA$7-1)+1)-1,"") | J46: =IF(AND((4*7+0-($BA$8-1)+1)>=1,(4*7+0-($BA$8-1)+1)<=$BB$8),$AZ$8+(4*7+0-($BA$8-1)+1)-1,"") -> 46257 | K46: =IF(AND((4*7+1-($BA$8-1)+1)>=1,(4*7+1-($BA$8-1)+1)<=$BB$8),$AZ$8+(4*7+1-($BA$8-1)+1)-1,"") -> 46258 | L46: =IF(AND((4*7+2-($BA$8-1)+1)>=1,(4*7+2-($BA$8-1)+1)<=$BB$8),$AZ$8+(4*7+2-($BA$8-1)+1)-1,"") -> 46259 | M46: =IF(AND((4*7+3-($BA$8-1)+1)>=1,(4*7+3-($BA$8-1)+1)<=$BB$8),$AZ$8+(4*7+3-($BA$8-1)+1)-1,"") -> 46260 | N46: =IF(AND((4*7+4-($BA$8-1)+1)>=1,(4*7+4-($BA$8-1)+1)<=$BB$8),$AZ$8+(4*7+4-($BA$8-1)+1)-1,"") -> 46261 | O46: =IF(AND((4*7+5-($BA$8-1)+1)>=1,(4*7+5-($BA$8-1)+1)<=$BB$8),$AZ$8+(4*7+5-($BA$8-1)+1)-1,"") -> 46262 | P46: =IF(AND((4*7+6-($BA$8-1)+1)>=1,(4*7+6-($BA$8-1)+1)<=$BB$8),$AZ$8+(4*7+6-($BA$8-1)+1)-1,"") -> 46263 | R46: =IF(AND((4*7+0-($BA$9-1)+1)>=1,(4*7+0-($BA$9-1)+1)<=$BB$9),$AZ$9+(4*7+0-($BA$9-1)+1)-1,"") -> 46292 | S46: =IF(AND((4*7+1-($BA$9-1)+1)>=1,(4*7+1-($BA$9-1)+1)<=$BB$9),$AZ$9+(4*7+1-($BA$9-1)+1)-1,"") -> 46293 | T46: =IF(AND((4*7+2-($BA$9-1)+1)>=1,(4*7+2-($BA$9-1)+1)<=$BB$9),$AZ$9+(4*7+2-($BA$9-1)+1)-1,"") -> 46294 | U46: =IF(AND((4*7+3-($BA$9-1)+1)>=1,(4*7+3-($BA$9-1)+1)<=$BB$9),$AZ$9+(4*7+3-($BA$9-1)+1)-1,"") -> 46295 | V46: =IF(AND((4*7+4-($BA$9-1)+1)>=1,(4*7+4-($BA$9-1)+1)<=$BB$9),$AZ$9+(4*7+4-($BA$9-1)+1)-1,"") | W46: =IF(AND((4*7+5-($BA$9-1)+1)>=1,(4*7+5-($BA$9-1)+1)<=$BB$9),$AZ$9+(4*7+5-($BA$9-1)+1)-1,"") | X46: =IF(AND((4*7+6-($BA$9-1)+1)>=1,(4*7+6-($BA$9-1)+1)<=$BB$9),$AZ$9+(4*7+6-($BA$9-1)+1)-1,"")
